UnitID,year,group,institution_name,abbreviation,count,salary_outlay,avg_salary
197869,2012,Prof,Appalachian State University,ASU,277,25158666,90825.50902527076
197869,2012,Assoc,Appalachian State University,ASU,203,14581648,71830.77832512316
197869,2012,Assist,Appalachian State University,ASU,218,13573650,62264.449541284404
197869,2012,nontt,Appalachian State University,ASU,135,5864380,43439.851851851854
197869,2012,All,Appalachian State University,ASU,901,62327615,69176.04328523863
197869,2013,Prof,Appalachian State University,ASU,276,25111832,90984.89855072464
197869,2013,Assoc,Appalachian State University,ASU,222,15939788,71800.84684684685
197869,2013,Assist,Appalachian State University,ASU,198,12486108,63061.15151515151
197869,2013,nontt,Appalachian State University,ASU,148,6252048,42243.56756756757
197869,2013,All,Appalachian State University,ASU,901,62484822,69350.52386237514
197869,2014,Prof,Appalachian State University,ASU,282,25721013,91209.26595744681
197869,2014,Assoc,Appalachian State University,ASU,220,15748100,71582.27272727272
197869,2014,Assist,Appalachian State University,ASU,196,12573620,64151.12244897959
197869,2014,nontt,Appalachian State University,ASU,150,6423915,42826.1
197869,2014,All,Appalachian State University,ASU,920,63872066,69426.15869565218
197869,2015,Prof,Appalachian State University,ASU,289,26565047,91920.57785467128
197869,2015,Assoc,Appalachian State University,ASU,236,17090976,72419.38983050847
197869,2015,Assist,Appalachian State University,ASU,191,12291284,64352.2722513089
197869,2015,nontt,Appalachian State University,ASU,159,6993740,43985.78616352201
197869,2015,All,Appalachian State University,ASU,930,65648607,70589.9
197869,2016,Prof,Appalachian State University,ASU,293,28561529,97479.62116040956
197869,2016,Assoc,Appalachian State University,ASU,240,18558294,77326.225
197869,2016,Assist,Appalachian State University,ASU,195,13275266,68078.28717948718
197869,2016,nontt,Appalachian State University,ASU,169,7807099,46195.85207100592
197869,2016,All,Appalachian State University,ASU,951,71149902,74815.88012618296
197869,2017,Prof,Appalachian State University,ASU,298,29214643,98035.71476510067
197869,2017,Assoc,Appalachian State University,ASU,232,18324770,78986.0775862069
197869,2017,Assist,Appalachian State University,ASU,206,14238037,69116.68446601942
197869,2017,nontt,Appalachian State University,ASU,179,8415978,47016.63687150838
197869,2017,All,Appalachian State University,ASU,970,73296255,75563.14948453609
197869,2018,Prof,Appalachian State University,ASU,318,30874846,97090.7106918239
197869,2018,Assoc,Appalachian State University,ASU,226,17783163,78686.56194690266
197869,2018,Assist,Appalachian State University,ASU,200,13980193,69900.965
197869,2018,nontt,Appalachian State University,ASU,203,9744131,48000.64532019704
197869,2018,All,Appalachian State University,ASU,1010,75762525,75012.400990099
197869,2019,Prof,Appalachian State University,ASU,330,31779155,96300.4696969697
197869,2019,Assoc,Appalachian State University,ASU,215,16935885,78771.55813953489
197869,2019,Assist,Appalachian State University,ASU,229,15812901,69051.9694323144
197869,2019,nontt,Appalachian State University,ASU,214,10378570,48497.990654205605
197869,2019,All,Appalachian State University,ASU,1014,76193914,75141.92702169625
197869,2020,Prof,Appalachian State University,ASU,331,31937042,96486.53172205438
197869,2020,Assoc,Appalachian State University,ASU,227,17617895,77611.87224669603
197869,2020,Assist,Appalachian State University,ASU,225,15734462,69930.94222222222
197869,2020,nontt,Appalachian State University,ASU,233,11501228,49361.49356223176
197869,2020,All,Appalachian State University,ASU,1037,77921530,75141.3018322083
197869,2021,Prof,Appalachian State University,ASU,321,29358018,91458.0
197869,2021,Assoc,Appalachian State University,ASU,212,15909278,75043.7641509434
197869,2021,Assist,Appalachian State University,ASU,245,17264782,70468.49795918367
197869,2021,nontt,Appalachian State University,ASU,237,11847032,49987.47679324895
197869,2021,All,Appalachian State University,ASU,1033,75400833,72992.09390125847
197869,2022,Prof,Appalachian State University,ASU,339,34020666,100355.94690265486
197869,2022,Assoc,Appalachian State University,ASU,212,17834733,84126.09905660378
197869,2022,Assist,Appalachian State University,ASU,225,17397445,77321.97777777778
197869,2022,nontt,Appalachian State University,ASU,251,13583586,54117.87250996016
197869,2022,All,Appalachian State University,ASU,1043,83896559,80437.73633748802
197869,2023,Prof,Appalachian State University,ASU,318,33276297,104642.44339622642
197869,2023,Assoc,Appalachian State University,ASU,225,19490220,86623.2
197869,2023,Assist,Appalachian State University,ASU,231,18448240,79862.51082251083
197869,2023,nontt,Appalachian State University,ASU,297,16475415,55472.77777777778
197869,2023,All,Appalachian State University,ASU,1092,89147096,81636.5347985348
197869,2024,Prof,Appalachian State University,ASU,324,35788890,110459.53703703704
197869,2024,Assoc,Appalachian State University,ASU,219,20156432,92038.50228310503
197869,2024,Assist,Appalachian State University,ASU,244,19849404,81350.01639344262
197869,2024,nontt,Appalachian State University,ASU,317,18428666,58134.59305993691
197869,2024,All,Appalachian State University,ASU,1125,95718280,85082.91555555556
198464,2012,Prof,East Carolina University,ECU,213,21924250,102930.75117370892
198464,2012,Assoc,East Carolina University,ECU,406,31854919,78460.39162561577
198464,2012,Assist,East Carolina University,ECU,271,18549915,68449.87084870848
198464,2012,nontt,East Carolina University,ECU,8,518984,64873.0
198464,2012,All,East Carolina University,ECU,1213,90325351,74464.42786479802
198464,2013,Prof,East Carolina University,ECU,221,22452540,101595.2036199095
198464,2013,Assoc,East Carolina University,ECU,438,34179786,78036.04109589041
198464,2013,Assist,East Carolina University,ECU,259,18223014,70359.12741312741
198464,2013,nontt,East Carolina University,ECU,9,614074,68230.44444444444
198464,2013,All,East Carolina University,ECU,1248,95692405,76676.60657051283
198464,2014,Prof,East Carolina University,ECU,217,22006270,101411.38248847926
198464,2014,Assoc,East Carolina University,ECU,422,33105541,78449.14928909953
198464,2014,Assist,East Carolina University,ECU,243,16806936,69164.34567901235
198464,2014,nontt,East Carolina University,ECU,4,270266,67566.5
198464,2014,All,East Carolina University,ECU,1178,88545199,75165.70373514431
198464,2015,Prof,East Carolina University,ECU,227,23107817,101796.55066079296
198464,2015,Assoc,East Carolina University,ECU,429,33402281,77860.79487179487
198464,2015,Assist,East Carolina University,ECU,216,15401098,71301.37962962964
198464,2015,nontt,East Carolina University,ECU,4,240766,60191.5
198464,2015,All,East Carolina University,ECU,1240,96020470,77435.8629032258
198464,2016,Prof,East Carolina University,ECU,245,27085755,110554.10204081633
198464,2016,Assoc,East Carolina University,ECU,399,32865164,82368.8320802005
198464,2016,Assist,East Carolina University,ECU,207,16048995,77531.37681159421
198464,2016,nontt,East Carolina University,ECU,3,213104,71034.66666666667
198464,2016,All,East Carolina University,ECU,1224,102100994,83415.84477124183
198464,2017,Prof,East Carolina University,ECU,258,28933700,112146.12403100776
198464,2017,Assoc,East Carolina University,ECU,378,31484622,83292.6507936508
198464,2017,Assist,East Carolina University,ECU,211,16620237,78768.89573459716
198464,2017,nontt,East Carolina University,ECU,2,149716,74858.0
198464,2017,All,East Carolina University,ECU,1223,103737364,84822.04742436632
198464,2018,Prof,East Carolina University,ECU,249,27717989,111317.2248995984
198464,2018,Assoc,East Carolina University,ECU,385,32074643,83310.76103896103
198464,2018,Assist,East Carolina University,ECU,218,16978767,77884.25229357799
198464,2018,nontt,East Carolina University,ECU,2,149716,74858.0
198464,2018,All,East Carolina University,ECU,1260,105510678,83738.63333333333
198464,2019,Prof,East Carolina University,ECU,276,30546553,110675.91666666667
198464,2019,Assoc,East Carolina University,ECU,428,35814633,83679.04906542056
198464,2019,Assist,East Carolina University,ECU,376,30134051,80143.75265957447
198464,2019,nontt,East Carolina University,ECU,180,10005998,55588.87777777778
198464,2019,All,East Carolina University,ECU,1283,107622333,83883.3460639127
198464,2020,Prof,East Carolina University,ECU,264,28169428,106702.37878787878
198464,2020,Assoc,East Carolina University,ECU,415,34599169,83371.49156626506
198464,2020,Assist,East Carolina University,ECU,335,27429484,81879.05671641791
198464,2020,nontt,East Carolina University,ECU,167,9198783,55082.532934131734
198464,2020,All,East Carolina University,ECU,1218,101416835,83265.05336617406
198464,2021,Prof,East Carolina University,ECU,259,27399040,105787.79922779923
198464,2021,Assoc,East Carolina University,ECU,425,35512463,83558.73647058824
198464,2021,Assist,East Carolina University,ECU,311,25157004,80890.6881028939
198464,2021,nontt,East Carolina University,ECU,156,8596582,55106.294871794875
198464,2021,All,East Carolina University,ECU,1166,97417411,83548.37993138937
198464,2022,Prof,East Carolina University,ECU,259,28724766,110906.43243243243
198464,2022,Assoc,East Carolina University,ECU,406,36227453,89230.17980295567
198464,2022,Assist,East Carolina University,ECU,311,25612739,82356.07395498392
198464,2022,nontt,East Carolina University,ECU,171,10083400,58967.25146198831
198464,2022,All,East Carolina University,ECU,1160,101361088,87380.24827586208
198464,2023,Prof,East Carolina University,ECU,281,31757904,113017.45195729537
198464,2023,Assoc,East Carolina University,ECU,410,38315804,93453.18048780487
198464,2023,Assist,East Carolina University,ECU,301,25290375,84021.17940199336
198464,2023,nontt,East Carolina University,ECU,180,11014286,61190.47777777778
198464,2023,All,East Carolina University,ECU,1185,107121704,90398.06244725738
198464,2024,Prof,East Carolina University,ECU,269,31265431,116228.36802973978
198464,2024,Assoc,East Carolina University,ECU,406,39139729,96403.27339901478
198464,2024,Assist,East Carolina University,ECU,319,27998747,87770.36677115987
198464,2024,nontt,East Carolina University,ECU,174,11014202,63300.011494252874
198464,2024,All,East Carolina University,ECU,1178,110031148,93405.04923599321
198507,2012,Prof,Elizabeth City State University,ECSU,50,4008740,80174.8
198507,2012,Assoc,Elizabeth City State University,ECSU,38,2510574,66067.73684210527
198507,2012,Assist,Elizabeth City State University,ECSU,33,2143146,64943.818181818184
198507,2012,nontt,Elizabeth City State University,ECSU,20,1113508,55675.4
198507,2012,All,Elizabeth City State University,ECSU,153,10653097,69628.08496732026
198507,2013,Prof,Elizabeth City State University,ECSU,37,3002463,81147.64864864865
198507,2013,Assoc,Elizabeth City State University,ECSU,35,2316685,66191.0
198507,2013,Assist,Elizabeth City State University,ECSU,37,2345099,63381.05405405405
198507,2013,nontt,Elizabeth City State University,ECSU,22,1271455,57793.40909090909
198507,2013,All,Elizabeth City State University,ECSU,139,9529567,68558.03597122303
198507,2014,Prof,Elizabeth City State University,ECSU,42,3150833,75019.83333333333
198507,2014,Assoc,Elizabeth City State University,ECSU,29,1915174,66040.4827586207
198507,2014,Assist,Elizabeth City State University,ECSU,38,2531050,66606.57894736843
198507,2014,nontt,Elizabeth City State University,ECSU,14,813433,58102.357142857145
198507,2014,All,Elizabeth City State University,ECSU,125,8584740,68677.92
198507,2015,Prof,Elizabeth City State University,ECSU,37,2747411,74254.35135135135
198507,2015,Assoc,Elizabeth City State University,ECSU,28,1876443,67015.82142857143
198507,2015,Assist,Elizabeth City State University,ECSU,23,1439137,62571.17391304348
198507,2015,nontt,Elizabeth City State University,ECSU,11,645772,58706.545454545456
198507,2015,All,Elizabeth City State University,ECSU,101,6883673,68155.17821782178
198507,2016,Prof,Elizabeth City State University,ECSU,34,2591404,76217.76470588235
198507,2016,Assoc,Elizabeth City State University,ECSU,35,2322496,66357.02857142857
198507,2016,Assist,Elizabeth City State University,ECSU,17,1173990,69058.23529411765
198507,2016,nontt,Elizabeth City State University,ECSU,13,792825,60986.53846153846
198507,2016,All,Elizabeth City State University,ECSU,101,7004797,69354.42574257425
198507,2017,Prof,Elizabeth City State University,ECSU,30,2360836,78694.53333333334
198507,2017,Assoc,Elizabeth City State University,ECSU,32,2217565,69298.90625
198507,2017,Assist,Elizabeth City State University,ECSU,21,1415114,67386.38095238095
198507,2017,nontt,Elizabeth City State University,ECSU,12,690476,57539.666666666664
198507,2017,All,Elizabeth City State University,ECSU,96,6737444,70181.70833333333
198507,2018,Prof,Elizabeth City State University,ECSU,26,2107362,81052.38461538461
198507,2018,Assoc,Elizabeth City State University,ECSU,27,1960903,72626.03703703704
198507,2018,Assist,Elizabeth City State University,ECSU,21,1366087,65051.76190476191
198507,2018,nontt,Elizabeth City State University,ECSU,13,764516,58808.92307692308
198507,2018,All,Elizabeth City State University,ECSU,96,6623191,68991.57291666667
198507,2019,Prof,Elizabeth City State University,ECSU,25,1994367,79774.68
198507,2019,Assoc,Elizabeth City State University,ECSU,27,1919298,71085.11111111111
198507,2019,Assist,Elizabeth City State University,ECSU,23,1488594,64721.47826086957
198507,2019,nontt,Elizabeth City State University,ECSU,13,741312,57024.0
198507,2019,All,Elizabeth City State University,ECSU,89,6165571,69276.0786516854
198507,2020,Prof,Elizabeth City State University,ECSU,22,1882593,85572.40909090909
198507,2020,Assoc,Elizabeth City State University,ECSU,27,1927864,71402.37037037036
198507,2020,Assist,Elizabeth City State University,ECSU,24,1549094,64545.583333333336
198507,2020,nontt,Elizabeth City State University,ECSU,14,797312,56950.857142857145
198507,2020,All,Elizabeth City State University,ECSU,88,6178863,70214.35227272728
198507,2021,Prof,Elizabeth City State University,ECSU,17,1452803,85459.0
198507,2021,Assoc,Elizabeth City State University,ECSU,26,1858057,71463.73076923077
198507,2021,Assist,Elizabeth City State University,ECSU,28,1852659,66166.39285714286
198507,2021,nontt,Elizabeth City State University,ECSU,13,735108,56546.769230769234
198507,2021,All,Elizabeth City State University,ECSU,84,5898627,70221.75
198507,2022,Prof,Elizabeth City State University,ECSU,21,1851543,88168.71428571429
198507,2022,Assoc,Elizabeth City State University,ECSU,25,1871028,74841.12
198507,2022,Assist,Elizabeth City State University,ECSU,29,2061450,71084.4827586207
198507,2022,nontt,Elizabeth City State University,ECSU,12,695094,57924.5
198507,2022,All,Elizabeth City State University,ECSU,87,6479115,74472.58620689655
198507,2023,Prof,Elizabeth City State University,ECSU,20,1822337,91116.85
198507,2023,Assoc,Elizabeth City State University,ECSU,24,1875148,78131.16666666667
198507,2023,Assist,Elizabeth City State University,ECSU,29,2077680,71644.13793103448
198507,2023,nontt,Elizabeth City State University,ECSU,15,895849,59723.26666666667
198507,2023,All,Elizabeth City State University,ECSU,88,6671014,75806.97727272728
198507,2024,Prof,Elizabeth City State University,ECSU,21,2006107,95528.90476190476
198507,2024,Assoc,Elizabeth City State University,ECSU,24,1945455,81060.625
198507,2024,Assist,Elizabeth City State University,ECSU,36,2655906,73775.16666666667
198507,2024,nontt,Elizabeth City State University,ECSU,16,978824,61176.5
198507,2024,All,Elizabeth City State University,ECSU,97,7586292,78209.19587628866
198543,2012,Prof,Fayetteville State University,FSU,56,5289174,94449.53571428571
198543,2012,Assoc,Fayetteville State University,FSU,100,7533450,75334.5
198543,2012,Assist,Fayetteville State University,FSU,87,5607882,64458.41379310345
198543,2012,nontt,Fayetteville State University,FSU,28,1586792,56671.142857142855
198543,2012,All,Fayetteville State University,FSU,277,20350064,73465.93501805054
198543,2013,Prof,Fayetteville State University,FSU,56,5478879,97837.125
198543,2013,Assoc,Fayetteville State University,FSU,113,8346435,73862.25663716815
198543,2013,Assist,Fayetteville State University,FSU,63,4351664,69074.03174603175
198543,2013,nontt,Fayetteville State University,FSU,30,1725198,57506.6
198543,2013,All,Fayetteville State University,FSU,270,20386212,75504.48888888888
198543,2014,Prof,Fayetteville State University,FSU,64,5819654,90932.09375
198543,2014,Assoc,Fayetteville State University,FSU,100,7475279,74752.79
198543,2014,Assist,Fayetteville State University,FSU,63,4424302,70227.01587301587
198543,2014,nontt,Fayetteville State University,FSU,14,810051,57860.78571428572
198543,2014,All,Fayetteville State University,FSU,242,18601786,76866.88429752066
198543,2015,Prof,Fayetteville State University,FSU,65,5839074,89831.9076923077
198543,2015,Assoc,Fayetteville State University,FSU,92,6945908,75499.0
198543,2015,Assist,Fayetteville State University,FSU,66,4622210,70033.48484848485
198543,2015,nontt,Fayetteville State University,FSU,31,1816764,58605.290322580644
198543,2015,All,Fayetteville State University,FSU,255,19271956,75576.29803921569
198543,2016,Prof,Fayetteville State University,FSU,60,5694514,94908.56666666667
198543,2016,Assoc,Fayetteville State University,FSU,85,6790100,79883.5294117647
198543,2016,Assist,Fayetteville State University,FSU,75,5701179,76015.72
198543,2016,nontt,Fayetteville State University,FSU,33,2112526,64015.93939393939
198543,2016,All,Fayetteville State University,FSU,256,20464090,79937.8515625
198543,2017,Prof,Fayetteville State University,FSU,69,6598034,95623.68115942029
198543,2017,Assoc,Fayetteville State University,FSU,79,6437541,81487.86075949368
198543,2017,Assist,Fayetteville State University,FSU,65,5078078,78124.27692307692
198543,2017,nontt,Fayetteville State University,FSU,42,2649370,63080.23809523809
198543,2017,All,Fayetteville State University,FSU,266,21536357,80963.74812030075
198543,2018,Prof,Fayetteville State University,FSU,70,6545553,93507.9
198543,2018,Assoc,Fayetteville State University,FSU,78,6540052,83846.82051282052
198543,2018,Assist,Fayetteville State University,FSU,59,4615836,78234.50847457627
198543,2018,nontt,Fayetteville State University,FSU,42,2677585,63752.02380952381
198543,2018,All,Fayetteville State University,FSU,267,21609663,80935.06741573034
198543,2019,Prof,Fayetteville State University,FSU,81,7865087,97099.83950617284
198543,2019,Assoc,Fayetteville State University,FSU,77,6242507,81071.51948051948
198543,2019,Assist,Fayetteville State University,FSU,60,4593664,76561.06666666667
198543,2019,nontt,Fayetteville State University,FSU,47,2963571,63054.70212765958
198543,2019,All,Fayetteville State University,FSU,269,22018500,81853.15985130111
198543,2020,Prof,Fayetteville State University,FSU,84,7775901,92570.25
198543,2020,Assoc,Fayetteville State University,FSU,75,6408636,85448.48
198543,2020,Assist,Fayetteville State University,FSU,41,3151078,76855.56097560975
198543,2020,nontt,Fayetteville State University,FSU,48,3021043,62938.395833333336
198543,2020,All,Fayetteville State University,FSU,266,21416294,80512.38345864661
198543,2021,Prof,Fayetteville State University,FSU,83,7670411,92414.59036144578
198543,2021,Assoc,Fayetteville State University,FSU,68,5567824,81879.76470588235
198543,2021,Assist,Fayetteville State University,FSU,35,2842527,81215.05714285714
198543,2021,nontt,Fayetteville State University,FSU,42,2573068,61263.52380952381
198543,2021,All,Fayetteville State University,FSU,250,20007362,80029.448
198543,2022,Prof,Fayetteville State University,FSU,83,7847202,94544.60240963855
198543,2022,Assoc,Fayetteville State University,FSU,72,5850582,81258.08333333333
198543,2022,Assist,Fayetteville State University,FSU,34,2904349,85422.0294117647
198543,2022,nontt,Fayetteville State University,FSU,43,2802928,65184.37209302326
198543,2022,All,Fayetteville State University,FSU,257,20972494,81605.03501945526
198543,2023,Prof,Fayetteville State University,FSU,78,7502518,96186.1282051282
198543,2023,Assoc,Fayetteville State University,FSU,72,6054481,84090.01388888889
198543,2023,Assist,Fayetteville State University,FSU,39,3504003,89846.23076923077
198543,2023,nontt,Fayetteville State University,FSU,42,2864889,68211.64285714286
198543,2023,All,Fayetteville State University,FSU,254,21447089,84437.35826771654
198543,2024,Prof,Fayetteville State University,FSU,79,7905690,100072.02531645569
198543,2024,Assoc,Fayetteville State University,FSU,71,6355125,89508.80281690141
198543,2024,Assist,Fayetteville State University,FSU,36,3363151,93420.86111111111
198543,2024,nontt,Fayetteville State University,FSU,43,3112715,72388.72093023256
198543,2024,All,Fayetteville State University,FSU,252,22366604,88756.36507936507
199102,2012,Prof,North Carolina A & T State University,NC A&T,86,8106181,94257.91860465116
199102,2012,Assoc,North Carolina A & T State University,NC A&T,179,13549952,75698.0558659218
199102,2012,Assist,North Carolina A & T State University,NC A&T,106,7349561,69335.48113207547
199102,2012,nontt,North Carolina A & T State University,NC A&T,31,1599002,51580.709677419356
199102,2012,All,North Carolina A & T State University,NC A&T,470,34714355,73860.32978723405
199102,2013,Prof,North Carolina A & T State University,NC A&T,95,9079453,95573.18947368421
199102,2013,Assoc,North Carolina A & T State University,NC A&T,185,14094274,76185.26486486486
199102,2013,Assist,North Carolina A & T State University,NC A&T,108,7733359,71605.17592592593
199102,2013,nontt,North Carolina A & T State University,NC A&T,37,1971525,53284.45945945946
199102,2013,All,North Carolina A & T State University,NC A&T,462,35267995,76337.65151515152
199102,2014,Prof,North Carolina A & T State University,NC A&T,103,10550189,102429.01941747573
199102,2014,Assoc,North Carolina A & T State University,NC A&T,174,14475377,83191.82183908045
199102,2014,Assist,North Carolina A & T State University,NC A&T,85,6247036,73494.5411764706
199102,2014,nontt,North Carolina A & T State University,NC A&T,28,1545013,55179.03571428572
199102,2014,All,North Carolina A & T State University,NC A&T,439,35965285,81925.47835990888
199102,2015,Prof,North Carolina A & T State University,NC A&T,104,10888580,104697.88461538461
199102,2015,Assoc,North Carolina A & T State University,NC A&T,163,13474649,82666.55828220859
199102,2015,Assist,North Carolina A & T State University,NC A&T,79,5839459,73917.20253164557
199102,2015,nontt,North Carolina A & T State University,NC A&T,24,1333523,55563.458333333336
199102,2015,All,North Carolina A & T State University,NC A&T,411,34193399,83195.61800486618
199102,2016,Prof,North Carolina A & T State University,NC A&T,100,10604675,106046.75
199102,2016,Assoc,North Carolina A & T State University,NC A&T,188,15909493,84624.96276595745
199102,2016,Assist,North Carolina A & T State University,NC A&T,82,5974985,72865.67073170732
199102,2016,nontt,North Carolina A & T State University,NC A&T,2,125596,62798.0
199102,2016,All,North Carolina A & T State University,NC A&T,455,37442045,82290.20879120879
199102,2017,Prof,North Carolina A & T State University,NC A&T,106,11412651,107666.51886792453
199102,2017,Assoc,North Carolina A & T State University,NC A&T,179,15414255,86113.156424581
199102,2017,Assist,North Carolina A & T State University,NC A&T,87,6359043,73092.44827586207
199102,2017,nontt,North Carolina A & T State University,NC A&T,12,715091,59590.916666666664
199102,2017,All,North Carolina A & T State University,NC A&T,445,37583191,84456.60898876404
199102,2018,Prof,North Carolina A & T State University,NC A&T,104,11594475,111485.33653846153
199102,2018,Assoc,North Carolina A & T State University,NC A&T,180,15877228,88206.82222222222
199102,2018,Assist,North Carolina A & T State University,NC A&T,91,6935888,76218.54945054946
199102,2018,nontt,North Carolina A & T State University,NC A&T,19,1157157,60903.0
199102,2018,All,North Carolina A & T State University,NC A&T,449,39011624,86885.57683741648
199102,2019,Prof,North Carolina A & T State University,NC A&T,101,11251775,111403.71287128713
199102,2019,Assoc,North Carolina A & T State University,NC A&T,178,15545895,87336.48876404495
199102,2019,Assist,North Carolina A & T State University,NC A&T,116,8938455,77055.64655172414
199102,2019,nontt,North Carolina A & T State University,NC A&T,25,1607970,64318.8
199102,2019,All,North Carolina A & T State University,NC A&T,460,39813004,86550.00869565217
199102,2020,Prof,North Carolina A & T State University,NC A&T,112,12550616,112059.07142857143
199102,2020,Assoc,North Carolina A & T State University,NC A&T,172,14939783,86859.20348837209
199102,2020,Assist,North Carolina A & T State University,NC A&T,120,9350391,77919.925
199102,2020,nontt,North Carolina A & T State University,NC A&T,29,1839217,63421.275862068964
199102,2020,All,North Carolina A & T State University,NC A&T,473,40873581,86413.49048625793
199102,2021,Prof,North Carolina A & T State University,NC A&T,109,11685251,107204.1376146789
199102,2021,Assoc,North Carolina A & T State University,NC A&T,164,13820326,84270.28048780488
199102,2021,Assist,North Carolina A & T State University,NC A&T,129,10069456,78057.7984496124
199102,2021,nontt,North Carolina A & T State University,NC A&T,27,1701855,63031.666666666664
199102,2021,All,North Carolina A & T State University,NC A&T,462,39091215,84613.01948051948
199102,2022,Prof,North Carolina A & T State University,NC A&T,131,14397513,109904.67938931298
199102,2022,Assoc,North Carolina A & T State University,NC A&T,154,13763033,89370.34415584416
199102,2022,Assist,North Carolina A & T State University,NC A&T,117,9744870,83289.48717948717
199102,2022,nontt,North Carolina A & T State University,NC A&T,30,1948164,64938.8
199102,2022,All,North Carolina A & T State University,NC A&T,478,41847998,87548.1129707113
199102,2023,Prof,North Carolina A & T State University,NC A&T,128,14462128,112985.375
199102,2023,Assoc,North Carolina A & T State University,NC A&T,156,14328275,91847.91666666667
199102,2023,Assist,North Carolina A & T State University,NC A&T,121,10634562,87888.94214876032
199102,2023,nontt,North Carolina A & T State University,NC A&T,49,3342164,68207.42857142857
199102,2023,All,North Carolina A & T State University,NC A&T,475,44199299,93051.15578947369
199102,2024,Prof,North Carolina A & T State University,NC A&T,131,16968899,129533.58015267176
199102,2024,Assoc,North Carolina A & T State University,NC A&T,170,17301934,101776.08235294117
199102,2024,Assist,North Carolina A & T State University,NC A&T,139,12686078,91266.74820143885
199102,2024,nontt,North Carolina A & T State University,NC A&T,55,4024328,73169.6
199102,2024,All,North Carolina A & T State University,NC A&T,513,52271063,101892.91033138402
199111,2012,Prof,University of North Carolina Asheville,UNCA,60,5130159,85502.65
199111,2012,Assoc,University of North Carolina Asheville,UNCA,64,4457720,69651.875
199111,2012,Assist,University of North Carolina Asheville,UNCA,40,2555086,63877.15
199111,2012,nontt,University of North Carolina Asheville,UNCA,43,2147407,49939.6976744186
199111,2012,All,University of North Carolina Asheville,UNCA,213,14585548,68476.75117370892
199111,2013,Prof,University of North Carolina Asheville,UNCA,58,4831772,83306.41379310345
199111,2013,Assoc,University of North Carolina Asheville,UNCA,67,4545884,67849.01492537314
199111,2013,Assist,University of North Carolina Asheville,UNCA,39,2403726,61634.0
199111,2013,nontt,University of North Carolina Asheville,UNCA,46,2351269,51114.54347826087
199111,2013,All,University of North Carolina Asheville,UNCA,219,14602827,66679.57534246576
199111,2014,Prof,University of North Carolina Asheville,UNCA,59,5033069,85306.25423728813
199111,2014,Assoc,University of North Carolina Asheville,UNCA,64,4676368,73068.25
199111,2014,Assist,University of North Carolina Asheville,UNCA,45,2846010,63244.666666666664
199111,2014,nontt,University of North Carolina Asheville,UNCA,43,2229867,51857.37209302326
199111,2014,All,University of North Carolina Asheville,UNCA,216,15078314,69807.00925925926
199111,2015,Prof,University of North Carolina Asheville,UNCA,61,5353586,87763.70491803279
199111,2015,Assoc,University of North Carolina Asheville,UNCA,56,4253010,75946.60714285714
199111,2015,Assist,University of North Carolina Asheville,UNCA,50,3267753,65355.06
199111,2015,nontt,University of North Carolina Asheville,UNCA,45,2451676,54481.688888888886
199111,2015,All,University of North Carolina Asheville,UNCA,216,15501025,71764.00462962964
199111,2016,Prof,University of North Carolina Asheville,UNCA,64,5922409,92537.640625
199111,2016,Assoc,University of North Carolina Asheville,UNCA,59,4712987,79881.13559322034
199111,2016,Assist,University of North Carolina Asheville,UNCA,56,3823375,68274.55357142857
199111,2016,nontt,University of North Carolina Asheville,UNCA,42,2352337,56008.02380952381
199111,2016,All,University of North Carolina Asheville,UNCA,224,17054401,76135.71875
199111,2017,Prof,University of North Carolina Asheville,UNCA,70,6597198,94245.68571428572
199111,2017,Assoc,University of North Carolina Asheville,UNCA,53,4287068,80888.07547169812
199111,2017,Assist,University of North Carolina Asheville,UNCA,58,4052545,69871.46551724138
199111,2017,nontt,University of North Carolina Asheville,UNCA,41,2310412,56351.51219512195
199111,2017,All,University of North Carolina Asheville,UNCA,224,17448123,77893.40625
199111,2018,Prof,University of North Carolina Asheville,UNCA,66,6252136,94729.33333333333
199111,2018,Assoc,University of North Carolina Asheville,UNCA,50,4036316,80726.32
199111,2018,Assist,University of North Carolina Asheville,UNCA,54,3780699,70012.94444444444
199111,2018,nontt,University of North Carolina Asheville,UNCA,48,2703359,56319.979166666664
199111,2018,All,University of North Carolina Asheville,UNCA,221,16974110,76805.92760180995
199111,2019,Prof,University of North Carolina Asheville,UNCA,69,6480023,93913.37681159421
199111,2019,Assoc,University of North Carolina Asheville,UNCA,54,4346717,80494.75925925926
199111,2019,Assist,University of North Carolina Asheville,UNCA,50,3574486,71489.72
199111,2019,nontt,University of North Carolina Asheville,UNCA,47,2604339,55411.46808510638
199111,2019,All,University of North Carolina Asheville,UNCA,220,17005565,77298.02272727272
199111,2020,Prof,University of North Carolina Asheville,UNCA,68,6055145,89046.25
199111,2020,Assoc,University of North Carolina Asheville,UNCA,57,4499306,78935.19298245614
199111,2020,Assist,University of North Carolina Asheville,UNCA,44,3158212,71777.54545454546
199111,2020,nontt,University of North Carolina Asheville,UNCA,55,3027582,55046.94545454546
199111,2020,All,University of North Carolina Asheville,UNCA,224,16740245,74733.23660714286
199111,2021,Prof,University of North Carolina Asheville,UNCA,66,5817541,88144.56060606061
199111,2021,Assoc,University of North Carolina Asheville,UNCA,55,4287707,77958.3090909091
199111,2021,Assist,University of North Carolina Asheville,UNCA,31,2155113,69519.7741935484
199111,2021,nontt,University of North Carolina Asheville,UNCA,59,3220983,54592.93220338983
199111,2021,All,University of North Carolina Asheville,UNCA,211,15481344,73371.29857819906
199111,2022,Prof,University of North Carolina Asheville,UNCA,63,5851227,92876.61904761905
199111,2022,Assoc,University of North Carolina Asheville,UNCA,61,5099594,83599.90163934426
199111,2022,Assist,University of North Carolina Asheville,UNCA,34,2466411,72541.5
199111,2022,nontt,University of North Carolina Asheville,UNCA,60,3426590,57109.833333333336
199111,2022,All,University of North Carolina Asheville,UNCA,218,16843822,77265.23853211009
199111,2023,Prof,University of North Carolina Asheville,UNCA,64,6133536,95836.5
199111,2023,Assoc,University of North Carolina Asheville,UNCA,53,4667256,88061.43396226416
199111,2023,Assist,University of North Carolina Asheville,UNCA,44,3379944,76816.90909090909
199111,2023,nontt,University of North Carolina Asheville,UNCA,56,3270773,58406.66071428572
199111,2023,All,University of North Carolina Asheville,UNCA,217,17451509,80421.7004608295
199111,2024,Prof,University of North Carolina Asheville,UNCA,54,5307423,98285.61111111111
199111,2024,Assoc,University of North Carolina Asheville,UNCA,52,4663806,89688.57692307692
199111,2024,Assist,University of North Carolina Asheville,UNCA,44,3513476,79851.72727272728
199111,2024,nontt,University of North Carolina Asheville,UNCA,50,3049112,60982.24
199111,2024,All,University of North Carolina Asheville,UNCA,200,16533817,82669.085
199120,2012,Prof,University of North Carolina at Chapel Hill,UNC,596,91814063,154050.44127516777
199120,2012,Assoc,University of North Carolina at Chapel Hill,UNC,350,35473497,101352.84857142858
199120,2012,Assist,University of North Carolina at Chapel Hill,UNC,321,28012147,87265.2554517134
199120,2012,nontt,University of North Carolina at Chapel Hill,UNC,159,9113850,57319.811320754714
199120,2012,All,University of North Carolina at Chapel Hill,UNC,1661,187469250,112865.29199277544
199120,2013,Prof,University of North Carolina at Chapel Hill,UNC,547,83105266,151929.18829981718
199120,2013,Assoc,University of North Carolina at Chapel Hill,UNC,345,35065157,101638.13623188405
199120,2013,Assist,University of North Carolina at Chapel Hill,UNC,316,27573819,87258.92088607595
199120,2013,nontt,University of North Carolina at Chapel Hill,UNC,175,9852947,56302.55428571429
199120,2013,All,University of North Carolina at Chapel Hill,UNC,1630,180373367,110658.50736196319
199120,2014,Prof,University of North Carolina at Chapel Hill,UNC,526,80200898,152473.19011406845
199120,2014,Assoc,University of North Carolina at Chapel Hill,UNC,364,37897226,104113.25824175825
199120,2014,Assist,University of North Carolina at Chapel Hill,UNC,306,26828327,87674.27124183007
199120,2014,nontt,University of North Carolina at Chapel Hill,UNC,191,11174914,58507.403141361254
199120,2014,All,University of North Carolina at Chapel Hill,UNC,1707,183153432,107295.5079086116
199120,2015,Prof,University of North Carolina at Chapel Hill,UNC,503,78834805,156729.23459244534
199120,2015,Assoc,University of North Carolina at Chapel Hill,UNC,351,37992363,108240.35042735042
199120,2015,Assist,University of North Carolina at Chapel Hill,UNC,325,29567420,90976.67692307693
199120,2015,nontt,University of North Carolina at Chapel Hill,UNC,171,10390789,60764.84795321638
199120,2015,All,University of North Carolina at Chapel Hill,UNC,1484,170481774,114879.90161725067
199120,2016,Prof,University of North Carolina at Chapel Hill,UNC,604,98401122,162915.76490066224
199120,2016,Assoc,University of North Carolina at Chapel Hill,UNC,412,45856150,111301.33495145632
199120,2016,Assist,University of North Carolina at Chapel Hill,UNC,318,30283576,95231.3710691824
199120,2016,nontt,University of North Carolina at Chapel Hill,UNC,202,12498697,61874.737623762376
199120,2016,All,University of North Carolina at Chapel Hill,UNC,1669,200650841,120222.19352905931
199120,2017,Prof,University of North Carolina at Chapel Hill,UNC,585,97372934,166449.45982905984
199120,2017,Assoc,University of North Carolina at Chapel Hill,UNC,375,41363509,110302.69066666666
199120,2017,Assist,University of North Carolina at Chapel Hill,UNC,263,26064718,99105.39163498099
199120,2017,nontt,University of North Carolina at Chapel Hill,UNC,195,11739249,60201.276923076926
199120,2017,All,University of North Carolina at Chapel Hill,UNC,1667,204295194,122552.60587882424
199120,2018,Prof,University of North Carolina at Chapel Hill,UNC,570,97073544,170304.46315789473
199120,2018,Assoc,University of North Carolina at Chapel Hill,UNC,382,42349186,110861.74345549739
199120,2018,Assist,University of North Carolina at Chapel Hill,UNC,245,25757291,105131.8
199120,2018,nontt,University of North Carolina at Chapel Hill,UNC,191,11816432,61866.13612565445
199120,2018,All,University of North Carolina at Chapel Hill,UNC,1648,206566204,125343.57038834952
199120,2019,Prof,University of North Carolina at Chapel Hill,UNC,623,104418695,167606.25200642055
199120,2019,Assoc,University of North Carolina at Chapel Hill,UNC,453,50207760,110833.90728476821
199120,2019,Assist,University of North Carolina at Chapel Hill,UNC,335,35000415,104478.85074626865
199120,2019,nontt,University of North Carolina at Chapel Hill,UNC,214,13551871,63326.5
199120,2019,All,University of North Carolina at Chapel Hill,UNC,1630,203591733,124902.90368098159
199120,2020,Prof,University of North Carolina at Chapel Hill,UNC,653,109127910,167117.7794793262
199120,2020,Assoc,University of North Carolina at Chapel Hill,UNC,457,50972436,111537.0590809628
199120,2020,Assist,University of North Carolina at Chapel Hill,UNC,329,34448186,104705.73252279636
199120,2020,nontt,University of North Carolina at Chapel Hill,UNC,224,14143306,63139.75892857143
199120,2020,All,University of North Carolina at Chapel Hill,UNC,1668,209270206,125461.75419664268
199120,2021,Prof,University of North Carolina at Chapel Hill,UNC,627,103095077,164425.9601275917
199120,2021,Assoc,University of North Carolina at Chapel Hill,UNC,446,49259149,110446.52242152467
199120,2021,Assist,University of North Carolina at Chapel Hill,UNC,315,32779935,104063.28571428571
199120,2021,nontt,University of North Carolina at Chapel Hill,UNC,232,15871021,68409.57327586207
199120,2021,All,University of North Carolina at Chapel Hill,UNC,1627,201838749,124055.77688998156
199120,2022,Prof,University of North Carolina at Chapel Hill,UNC,666,117273990,176087.07207207207
199120,2022,Assoc,University of North Carolina at Chapel Hill,UNC,497,56708753,114102.11871227364
199120,2022,Assist,University of North Carolina at Chapel Hill,UNC,453,46182980,101949.18322295806
199120,2022,nontt,University of North Carolina at Chapel Hill,UNC,48,5827469,121405.60416666667
199120,2022,All,University of North Carolina at Chapel Hill,UNC,1668,226262584,135649.03117505996
199120,2023,Prof,University of North Carolina at Chapel Hill,UNC,695,127052749,182809.7107913669
199120,2023,Assoc,University of North Carolina at Chapel Hill,UNC,499,60861566,121967.06613226453
199120,2023,Assist,University of North Carolina at Chapel Hill,UNC,471,49524670,105147.91932059448
199120,2023,nontt,University of North Carolina at Chapel Hill,UNC,54,6583333,121913.57407407407
199120,2023,All,University of North Carolina at Chapel Hill,UNC,1726,244499286,141656.59675550406
199120,2024,Prof,University of North Carolina at Chapel Hill,UNC,720,135250720,187848.22222222222
199120,2024,Assoc,University of North Carolina at Chapel Hill,UNC,482,61260488,127096.44813278009
199120,2024,Assist,University of North Carolina at Chapel Hill,UNC,506,55338373,109364.37351778656
199120,2024,nontt,University of North Carolina at Chapel Hill,UNC,53,7029483,132631.75471698114
199120,2024,All,University of North Carolina at Chapel Hill,UNC,1763,259044064,146933.67214974476
199139,2012,Prof,University of North Carolina at Charlotte,UNCC,192,22371490,116518.17708333333
199139,2012,Assoc,University of North Carolina at Charlotte,UNCC,310,25016531,80698.48709677419
199139,2012,Assist,University of North Carolina at Charlotte,UNCC,182,13290652,73025.56043956045
199139,2012,nontt,University of North Carolina at Charlotte,UNCC,224,11630062,51919.919642857145
199139,2012,All,University of North Carolina at Charlotte,UNCC,952,74992581,78773.71953781512
199139,2013,Prof,University of North Carolina at Charlotte,UNCC,198,22574263,114011.42929292929
199139,2013,Assoc,University of North Carolina at Charlotte,UNCC,323,26051793,80655.70588235294
199139,2013,Assist,University of North Carolina at Charlotte,UNCC,195,14324823,73460.63076923077
199139,2013,nontt,University of North Carolina at Charlotte,UNCC,236,12004250,50865.46610169492
199139,2013,All,University of North Carolina at Charlotte,UNCC,1016,78451633,77216.17421259843
199139,2014,Prof,University of North Carolina at Charlotte,UNCC,209,23962402,114652.64114832536
199139,2014,Assoc,University of North Carolina at Charlotte,UNCC,328,26732859,81502.61890243902
199139,2014,Assist,University of North Carolina at Charlotte,UNCC,177,13056401,73764.97740112995
199139,2014,nontt,University of North Carolina at Charlotte,UNCC,240,12291934,51216.39166666667
199139,2014,All,University of North Carolina at Charlotte,UNCC,1021,80107592,78459.9333986288
199139,2015,Prof,University of North Carolina at Charlotte,UNCC,209,24025898,114956.44976076555
199139,2015,Assoc,University of North Carolina at Charlotte,UNCC,324,26799565,82714.70679012345
199139,2015,Assist,University of North Carolina at Charlotte,UNCC,179,13858836,77423.66480446927
199139,2015,nontt,University of North Carolina at Charlotte,UNCC,231,12014605,52011.27705627705
199139,2015,All,University of North Carolina at Charlotte,UNCC,1009,81390966,80664.98116947473
199139,2016,Prof,University of North Carolina at Charlotte,UNCC,223,27404412,122889.7399103139
199139,2016,Assoc,University of North Carolina at Charlotte,UNCC,314,27578926,87830.97452229299
199139,2016,Assist,University of North Carolina at Charlotte,UNCC,211,16906371,80124.98104265404
199139,2016,nontt,University of North Carolina at Charlotte,UNCC,233,12786051,54875.755364806864
199139,2016,All,University of North Carolina at Charlotte,UNCC,1082,91690569,84741.74584103512
199139,2017,Prof,University of North Carolina at Charlotte,UNCC,231,29400477,127274.79220779221
199139,2017,Assoc,University of North Carolina at Charlotte,UNCC,297,26759247,90098.47474747474
199139,2017,Assist,University of North Carolina at Charlotte,UNCC,220,18263316,83015.07272727272
199139,2017,nontt,University of North Carolina at Charlotte,UNCC,228,13230221,58027.2850877193
199139,2017,All,University of North Carolina at Charlotte,UNCC,1080,95366426,88302.24629629629
199139,2018,Prof,University of North Carolina at Charlotte,UNCC,233,29557064,126854.35193133047
199139,2018,Assoc,University of North Carolina at Charlotte,UNCC,289,26223707,90739.4705882353
199139,2018,Assist,University of North Carolina at Charlotte,UNCC,222,18405766,82908.85585585586
199139,2018,nontt,University of North Carolina at Charlotte,UNCC,235,13346006,56791.51489361702
199139,2018,All,University of North Carolina at Charlotte,UNCC,1088,95980931,88217.7674632353
199139,2019,Prof,University of North Carolina at Charlotte,UNCC,277,34076962,123021.52346570397
199139,2019,Assoc,University of North Carolina at Charlotte,UNCC,308,27793262,90237.86363636363
199139,2019,Assist,University of North Carolina at Charlotte,UNCC,268,22032681,82211.49626865672
199139,2019,nontt,University of North Carolina at Charlotte,UNCC,242,14600287,60331.764462809915
199139,2019,All,University of North Carolina at Charlotte,UNCC,1095,98503192,89957.25296803653
199139,2020,Prof,University of North Carolina at Charlotte,UNCC,299,36515770,122126.32107023412
199139,2020,Assoc,University of North Carolina at Charlotte,UNCC,292,26372961,90318.3595890411
199139,2020,Assist,University of North Carolina at Charlotte,UNCC,261,21616427,82821.55938697318
199139,2020,nontt,University of North Carolina at Charlotte,UNCC,242,14716888,60813.586776859505
199139,2020,All,University of North Carolina at Charlotte,UNCC,1095,99234546,90625.15616438356
199139,2021,Prof,University of North Carolina at Charlotte,UNCC,293,34892016,119085.37883959044
199139,2021,Assoc,University of North Carolina at Charlotte,UNCC,289,26141203,90453.98961937716
199139,2021,Assist,University of North Carolina at Charlotte,UNCC,252,20947006,83123.03968253969
199139,2021,nontt,University of North Carolina at Charlotte,UNCC,231,14071677,60916.35064935065
199139,2021,All,University of North Carolina at Charlotte,UNCC,1065,96051902,90189.57934272301
199139,2022,Prof,University of North Carolina at Charlotte,UNCC,296,38442355,129872.82094594595
199139,2022,Assoc,University of North Carolina at Charlotte,UNCC,298,29678446,99592.10067114094
199139,2022,Assist,University of North Carolina at Charlotte,UNCC,244,22071954,90458.82786885246
199139,2022,nontt,University of North Carolina at Charlotte,UNCC,233,15432641,66234.51072961373
199139,2022,All,University of North Carolina at Charlotte,UNCC,1071,105625396,98623.15219421101
199139,2023,Prof,University of North Carolina at Charlotte,UNCC,318,42657173,134142.0534591195
199139,2023,Assoc,University of North Carolina at Charlotte,UNCC,319,32471741,101792.29153605015
199139,2023,Assist,University of North Carolina at Charlotte,UNCC,267,24965309,93503.02996254682
199139,2023,nontt,University of North Carolina at Charlotte,UNCC,179,12390335,69219.74860335195
199139,2023,All,University of North Carolina at Charlotte,UNCC,1083,112484558,103863.85780240074
199139,2024,Prof,University of North Carolina at Charlotte,UNCC,326,45297409,138949.1073619632
199139,2024,Assoc,University of North Carolina at Charlotte,UNCC,315,33388073,105993.88253968254
199139,2024,Assist,University of North Carolina at Charlotte,UNCC,282,27079448,96026.41134751773
199139,2024,nontt,University of North Carolina at Charlotte,UNCC,168,12111246,72090.75
199139,2024,All,University of North Carolina at Charlotte,UNCC,1091,117876176,108044.15765352888
199148,2012,Prof,University of North Carolina at Greensboro,UNCG,161,18059000,112167.70186335404
199148,2012,Assoc,University of North Carolina at Greensboro,UNCG,249,19345259,77691.8032128514
199148,2012,Assist,University of North Carolina at Greensboro,UNCG,119,7905651,66434.04201680672
199148,2012,nontt,University of North Carolina at Greensboro,UNCG,226,10943051,48420.5796460177
199148,2012,All,University of North Carolina at Greensboro,UNCG,783,57913287,73963.32950191571
199148,2013,Prof,University of North Carolina at Greensboro,UNCG,169,18427568,109038.86390532544
199148,2013,Assoc,University of North Carolina at Greensboro,UNCG,257,19588088,76218.24124513619
199148,2013,Assist,University of North Carolina at Greensboro,UNCG,116,8096497,69797.38793103448
199148,2013,nontt,University of North Carolina at Greensboro,UNCG,166,7363269,44357.0421686747
199148,2013,All,University of North Carolina at Greensboro,UNCG,794,58373767,73518.59823677581
199148,2014,Prof,University of North Carolina at Greensboro,UNCG,180,19126442,106258.01111111112
199148,2014,Assoc,University of North Carolina at Greensboro,UNCG,259,19702046,76069.67567567568
199148,2014,Assist,University of North Carolina at Greensboro,UNCG,125,8649789,69198.312
199148,2014,nontt,University of North Carolina at Greensboro,UNCG,142,6272749,44174.288732394365
199148,2014,All,University of North Carolina at Greensboro,UNCG,754,56432432,74844.07427055703
199148,2015,Prof,University of North Carolina at Greensboro,UNCG,180,19244799,106915.55
199148,2015,Assoc,University of North Carolina at Greensboro,UNCG,248,18945610,76393.58870967742
199148,2015,Assist,University of North Carolina at Greensboro,UNCG,113,7885307,69781.47787610619
199148,2015,nontt,University of North Carolina at Greensboro,UNCG,150,6780146,45200.973333333335
199148,2015,All,University of North Carolina at Greensboro,UNCG,739,55711334,75387.46143437077
199148,2016,Prof,University of North Carolina at Greensboro,UNCG,187,20705221,110723.10695187165
199148,2016,Assoc,University of North Carolina at Greensboro,UNCG,251,20238616,80631.93625498009
199148,2016,Assist,University of North Carolina at Greensboro,UNCG,111,8398732,75664.25225225225
199148,2016,nontt,University of North Carolina at Greensboro,UNCG,174,8129108,46719.011494252874
199148,2016,All,University of North Carolina at Greensboro,UNCG,790,61587403,77958.73797468355
199148,2017,Prof,University of North Carolina at Greensboro,UNCG,188,21363676,113636.5744680851
199148,2017,Assoc,University of North Carolina at Greensboro,UNCG,248,20607986,83096.71774193548
199148,2017,Assist,University of North Carolina at Greensboro,UNCG,117,8944563,76449.2564102564
199148,2017,nontt,University of North Carolina at Greensboro,UNCG,191,9232593,48338.1832460733
199148,2017,All,University of North Carolina at Greensboro,UNCG,816,64718666,79312.0906862745
199148,2018,Prof,University of North Carolina at Greensboro,UNCG,198,23216681,117255.96464646465
199148,2018,Assoc,University of North Carolina at Greensboro,UNCG,226,19066786,84366.30973451327
199148,2018,Assist,University of North Carolina at Greensboro,UNCG,164,12861148,78421.63414634146
199148,2018,nontt,University of North Carolina at Greensboro,UNCG,196,9692239,49450.198979591834
199148,2018,All,University of North Carolina at Greensboro,UNCG,856,69810856,81554.73831775702
199148,2019,Prof,University of North Carolina at Greensboro,UNCG,197,22485261,114138.3807106599
199148,2019,Assoc,University of North Carolina at Greensboro,UNCG,239,19914657,83324.92468619246
199148,2019,Assist,University of North Carolina at Greensboro,UNCG,235,17995421,76576.25957446809
199148,2019,nontt,University of North Carolina at Greensboro,UNCG,187,9162104,48995.20855614973
199148,2019,All,University of North Carolina at Greensboro,UNCG,879,70596183,80314.20136518772
199148,2020,Prof,University of North Carolina at Greensboro,UNCG,210,23595170,112357.95238095238
199148,2020,Assoc,University of North Carolina at Greensboro,UNCG,221,18421331,83354.43891402715
199148,2020,Assist,University of North Carolina at Greensboro,UNCG,250,19449964,77799.856
199148,2020,nontt,University of North Carolina at Greensboro,UNCG,177,8792686,49676.19209039548
199148,2020,All,University of North Carolina at Greensboro,UNCG,887,71733524,80872.06764374295
199148,2021,Prof,University of North Carolina at Greensboro,UNCG,212,23879242,112637.93396226416
199148,2021,Assoc,University of North Carolina at Greensboro,UNCG,207,17236656,83268.86956521739
199148,2021,Assist,University of North Carolina at Greensboro,UNCG,259,19905561,76855.44787644787
199148,2021,nontt,University of North Carolina at Greensboro,UNCG,190,9538905,50204.76315789474
199148,2021,All,University of North Carolina at Greensboro,UNCG,874,70921244,81145.5881006865
199148,2022,Prof,University of North Carolina at Greensboro,UNCG,212,24097961,113669.62735849057
199148,2022,Assoc,University of North Carolina at Greensboro,UNCG,194,17430630,89848.60824742269
199148,2022,Assist,University of North Carolina at Greensboro,UNCG,231,18900168,81818.90909090909
199148,2022,nontt,University of North Carolina at Greensboro,UNCG,183,9577125,52334.016393442624
199148,2022,All,University of North Carolina at Greensboro,UNCG,829,70456327,84989.53799758745
199148,2023,Prof,University of North Carolina at Greensboro,UNCG,214,24911853,116410.52803738318
199148,2023,Assoc,University of North Carolina at Greensboro,UNCG,194,17758874,91540.58762886598
199148,2023,Assist,University of North Carolina at Greensboro,UNCG,216,18102627,83808.45833333333
199148,2023,nontt,University of North Carolina at Greensboro,UNCG,161,8894492,55245.29192546584
199148,2023,All,University of North Carolina at Greensboro,UNCG,794,70201360,88414.81108312342
199148,2024,Prof,University of North Carolina at Greensboro,UNCG,204,24171875,118489.58333333333
199148,2024,Assoc,University of North Carolina at Greensboro,UNCG,188,17940047,95425.78191489361
199148,2024,Assist,University of North Carolina at Greensboro,UNCG,214,18570835,86779.60280373832
199148,2024,nontt,University of North Carolina at Greensboro,UNCG,176,10392565,59048.66477272727
199148,2024,All,University of North Carolina at Greensboro,UNCG,787,71408214,90734.70648030496
199157,2012,Prof,North Carolina Central University,NCCU,56,5969853,106604.51785714286
199157,2012,Assoc,North Carolina Central University,NCCU,96,7799109,81240.71875
199157,2012,Assist,North Carolina Central University,NCCU,110,7903820,71852.90909090909
199157,2012,nontt,North Carolina Central University,NCCU,14,782752,55910.857142857145
199157,2012,All,North Carolina Central University,NCCU,386,28737665,74449.90932642487
199157,2013,Prof,North Carolina Central University,NCCU,66,6922336,104883.87878787878
199157,2013,Assoc,North Carolina Central University,NCCU,115,9478041,82417.74782608695
199157,2013,Assist,North Carolina Central University,NCCU,111,7808223,70344.35135135135
199157,2013,nontt,North Carolina Central University,NCCU,42,2080792,49542.666666666664
199157,2013,All,North Carolina Central University,NCCU,413,30781069,74530.43341404358
199157,2014,Prof,North Carolina Central University,NCCU,53,5540955,104546.32075471699
199157,2014,Assoc,North Carolina Central University,NCCU,112,9184202,82001.80357142857
199157,2014,Assist,North Carolina Central University,NCCU,107,7385890,69027.00934579439
199157,2014,nontt,North Carolina Central University,NCCU,28,1587952,56712.57142857143
199157,2014,All,North Carolina Central University,NCCU,381,28089615,73726.02362204724
199157,2015,Prof,North Carolina Central University,NCCU,54,5671936,105035.85185185185
199157,2015,Assoc,North Carolina Central University,NCCU,124,10084392,81325.74193548386
199157,2015,Assist,North Carolina Central University,NCCU,93,6424170,69077.09677419355
199157,2015,nontt,North Carolina Central University,NCCU,28,1512503,54017.96428571428
199157,2015,All,North Carolina Central University,NCCU,386,28439793,73678.2202072539
199157,2016,Prof,North Carolina Central University,NCCU,67,7039949,105073.86567164179
199157,2016,Assoc,North Carolina Central University,NCCU,112,9447957,84356.75892857143
199157,2016,Assist,North Carolina Central University,NCCU,97,6686492,68932.90721649484
199157,2016,nontt,North Carolina Central University,NCCU,30,1720388,57346.26666666667
199157,2016,All,North Carolina Central University,NCCU,386,29506070,76440.59585492229
199157,2017,Prof,North Carolina Central University,NCCU,72,7540652,104731.27777777778
199157,2017,Assoc,North Carolina Central University,NCCU,116,9803520,84513.10344827586
199157,2017,Assist,North Carolina Central University,NCCU,88,6092687,69235.07954545454
199157,2017,nontt,North Carolina Central University,NCCU,32,1892675,59146.09375
199157,2017,All,North Carolina Central University,NCCU,380,29645370,78014.13157894737
199157,2018,Prof,North Carolina Central University,NCCU,79,8421213,106597.6329113924
199157,2018,Assoc,North Carolina Central University,NCCU,117,9801974,83777.55555555556
199157,2018,Assist,North Carolina Central University,NCCU,79,5643548,71437.3164556962
199157,2018,nontt,North Carolina Central University,NCCU,52,2781017,53481.096153846156
199157,2018,All,North Carolina Central University,NCCU,385,30449111,79088.6
199157,2019,Prof,North Carolina Central University,NCCU,84,8914128,106120.57142857143
199157,2019,Assoc,North Carolina Central University,NCCU,113,9581612,84793.02654867257
199157,2019,Assist,North Carolina Central University,NCCU,83,5940216,71568.86746987952
199157,2019,nontt,North Carolina Central University,NCCU,68,3701809,54438.367647058825
199157,2019,All,North Carolina Central University,NCCU,366,29239421,79889.12841530054
199157,2020,Prof,North Carolina Central University,NCCU,79,8269951,104682.92405063291
199157,2020,Assoc,North Carolina Central University,NCCU,113,9738488,86181.30973451327
199157,2020,Assist,North Carolina Central University,NCCU,88,6422920,72987.72727272728
199157,2020,nontt,North Carolina Central University,NCCU,69,3764639,54559.985507246376
199157,2020,All,North Carolina Central University,NCCU,367,29151191,79431.03814713897
199157,2021,Prof,North Carolina Central University,NCCU,85,8950552,105300.61176470589
199157,2021,Assoc,North Carolina Central University,NCCU,103,8669546,84170.3495145631
199157,2021,Assist,North Carolina Central University,NCCU,92,6847090,74424.89130434782
199157,2021,nontt,North Carolina Central University,NCCU,66,3626237,54942.98484848485
199157,2021,All,North Carolina Central University,NCCU,368,29347398,79748.36413043478
199157,2022,Prof,North Carolina Central University,NCCU,84,9366141,111501.67857142857
199157,2022,Assoc,North Carolina Central University,NCCU,103,9130983,88650.32038834952
199157,2022,Assist,North Carolina Central University,NCCU,94,7450452,79260.12765957447
199157,2022,nontt,North Carolina Central University,NCCU,75,4181326,55751.013333333336
199157,2022,All,North Carolina Central University,NCCU,362,30465929,84160.02486187845
199157,2023,Prof,North Carolina Central University,NCCU,74,8697568,117534.7027027027
199157,2023,Assoc,North Carolina Central University,NCCU,103,9509363,92323.91262135922
199157,2023,Assist,North Carolina Central University,NCCU,88,7247801,82361.375
199157,2023,nontt,North Carolina Central University,NCCU,64,3703261,57863.453125
199157,2023,All,North Carolina Central University,NCCU,334,29463232,88213.26946107784
199157,2024,Prof,North Carolina Central University,NCCU,70,8674014,123914.4857142857
199157,2024,Assoc,North Carolina Central University,NCCU,103,9825607,95394.2427184466
199157,2024,Assist,North Carolina Central University,NCCU,113,9470863,83812.94690265486
199157,2024,nontt,North Carolina Central University,NCCU,72,4406602,61202.805555555555
199157,2024,All,North Carolina Central University,NCCU,364,32773626,90037.43406593407
199193,2012,Prof,North Carolina State University at Raleigh,NCSU,449,56436717,125694.24721603564
199193,2012,Assoc,North Carolina State University at Raleigh,NCSU,358,32402587,90510.01955307262
199193,2012,Assist,North Carolina State University at Raleigh,NCSU,237,19359232,81684.52320675105
199193,2012,nontt,North Carolina State University at Raleigh,NCSU,170,8695856,51152.09411764706
199193,2012,All,North Carolina State University at Raleigh,NCSU,1347,127050947,94321.41573867855
199193,2013,Prof,North Carolina State University at Raleigh,NCSU,498,63068480,126643.53413654618
199193,2013,Assoc,North Carolina State University at Raleigh,NCSU,382,34378521,89996.12827225131
199193,2013,Assist,North Carolina State University at Raleigh,NCSU,271,21440595,79116.58671586716
199193,2013,nontt,North Carolina State University at Raleigh,NCSU,166,8569291,51622.23493975904
199193,2013,All,North Carolina State University at Raleigh,NCSU,1490,140331660,94182.32214765101
199193,2014,Prof,North Carolina State University at Raleigh,NCSU,641,82223129,128273.21216848675
199193,2014,Assoc,North Carolina State University at Raleigh,NCSU,445,40985449,92102.13258426967
199193,2014,Assist,North Carolina State University at Raleigh,NCSU,248,20918893,84350.375
199193,2014,nontt,North Carolina State University at Raleigh,NCSU,180,9361098,52006.1
199193,2014,All,North Carolina State University at Raleigh,NCSU,1688,165690313,98157.76836492891
199193,2015,Prof,North Carolina State University at Raleigh,NCSU,656,85933967,130996.90091463414
199193,2015,Assoc,North Carolina State University at Raleigh,NCSU,485,45008371,92800.76494845361
199193,2015,Assist,North Carolina State University at Raleigh,NCSU,357,29045103,81358.83193277312
199193,2015,nontt,North Carolina State University at Raleigh,NCSU,181,9505295,52515.441988950275
199193,2015,All,North Carolina State University at Raleigh,NCSU,1702,171039021,100492.96180963573
199193,2016,Prof,North Carolina State University at Raleigh,NCSU,658,90066404,136879.03343465045
199193,2016,Assoc,North Carolina State University at Raleigh,NCSU,489,47874724,97903.32106339469
199193,2016,Assist,North Carolina State University at Raleigh,NCSU,393,32673100,83137.65903307887
199193,2016,nontt,North Carolina State University at Raleigh,NCSU,186,10081436,54201.2688172043
199193,2016,All,North Carolina State University at Raleigh,NCSU,1748,182072909,104160.70308924485
199193,2017,Prof,North Carolina State University at Raleigh,NCSU,662,91180140,137734.3504531722
199193,2017,Assoc,North Carolina State University at Raleigh,NCSU,484,47295914,97718.8305785124
199193,2017,Assist,North Carolina State University at Raleigh,NCSU,390,33066160,84785.02564102564
199193,2017,nontt,North Carolina State University at Raleigh,NCSU,173,9659182,55833.42196531792
199193,2017,All,North Carolina State University at Raleigh,NCSU,1732,182866322,105581.01732101616
199193,2018,Prof,North Carolina State University at Raleigh,NCSU,651,91250648,140169.96620583718
199193,2018,Assoc,North Carolina State University at Raleigh,NCSU,468,46895174,100203.36324786325
199193,2018,Assist,North Carolina State University at Raleigh,NCSU,432,37949609,87846.31712962964
199193,2018,nontt,North Carolina State University at Raleigh,NCSU,182,10286068,56516.857142857145
199193,2018,All,North Carolina State University at Raleigh,NCSU,1753,187909733,107193.23046206502
199193,2019,Prof,North Carolina State University at Raleigh,NCSU,675,93637044,138721.54666666666
199193,2019,Assoc,North Carolina State University at Raleigh,NCSU,452,45678608,101058.86725663717
199193,2019,Assist,North Carolina State University at Raleigh,NCSU,449,39766407,88566.60801781737
199193,2019,nontt,North Carolina State University at Raleigh,NCSU,181,10363924,57259.24861878453
199193,2019,All,North Carolina State University at Raleigh,NCSU,1769,189995508,107402.77444884116
199193,2020,Prof,North Carolina State University at Raleigh,NCSU,752,104748156,139292.76063829788
199193,2020,Assoc,North Carolina State University at Raleigh,NCSU,467,46064083,98638.29336188437
199193,2020,Assist,North Carolina State University at Raleigh,NCSU,437,38568127,88256.58352402746
199193,2020,nontt,North Carolina State University at Raleigh,NCSU,176,9979137,56699.642045454544
199193,2020,All,North Carolina State University at Raleigh,NCSU,1842,199820263,108480.055917481
199193,2021,Prof,North Carolina State University at Raleigh,NCSU,749,103851248,138653.2016021362
199193,2021,Assoc,North Carolina State University at Raleigh,NCSU,459,45608747,99365.46187363834
199193,2021,Assist,North Carolina State University at Raleigh,NCSU,429,37222088,86764.7738927739
199193,2021,nontt,North Carolina State University at Raleigh,NCSU,167,9515853,56981.155688622755
199193,2021,All,North Carolina State University at Raleigh,NCSU,1829,197357621,107904.65882996173
199193,2022,Prof,North Carolina State University at Raleigh,NCSU,749,113127346,151037.84512683577
199193,2022,Assoc,North Carolina State University at Raleigh,NCSU,451,48923830,108478.55875831486
199193,2022,Assist,North Carolina State University at Raleigh,NCSU,436,40794490,93565.34403669725
199193,2022,nontt,North Carolina State University at Raleigh,NCSU,171,10480588,61289.98830409357
199193,2022,All,North Carolina State University at Raleigh,NCSU,1841,215081779,116828.77729494839
199193,2023,Prof,North Carolina State University at Raleigh,NCSU,753,118128462,156877.10756972112
199193,2023,Assoc,North Carolina State University at Raleigh,NCSU,467,53694659,114977.85653104926
199193,2023,Assist,North Carolina State University at Raleigh,NCSU,476,46658909,98022.91806722688
199193,2023,nontt,North Carolina State University at Raleigh,NCSU,172,11169128,64936.79069767442
199193,2023,All,North Carolina State University at Raleigh,NCSU,1911,231499158,121140.32339089482
199193,2024,Prof,North Carolina State University at Raleigh,NCSU,776,125396837,161593.86211340205
199193,2024,Assoc,North Carolina State University at Raleigh,NCSU,477,56697923,118863.57023060796
199193,2024,Assist,North Carolina State University at Raleigh,NCSU,498,49666668,99732.26506024097
199193,2024,nontt,North Carolina State University at Raleigh,NCSU,169,11067287,65486.90532544379
199193,2024,All,North Carolina State University at Raleigh,NCSU,1962,244725250,124732.54332313966
199218,2012,Prof,University of North Carolina Wilmington,UNCW,172,17014982,98924.31395348837
199218,2012,Assoc,University of North Carolina Wilmington,UNCW,202,14863732,73582.83168316832
199218,2012,Assist,University of North Carolina Wilmington,UNCW,125,7830554,62644.432
199218,2012,nontt,University of North Carolina Wilmington,UNCW,116,5390437,46469.28448275862
199218,2012,All,University of North Carolina Wilmington,UNCW,615,45099705,73332.85365853658
199218,2013,Prof,University of North Carolina Wilmington,UNCW,164,16150020,98475.73170731707
199218,2013,Assoc,University of North Carolina Wilmington,UNCW,209,15232002,72880.39234449761
199218,2013,Assist,University of North Carolina Wilmington,UNCW,132,8413429,63738.09848484849
199218,2013,nontt,University of North Carolina Wilmington,UNCW,118,5463306,46299.20338983051
199218,2013,All,University of North Carolina Wilmington,UNCW,625,45318757,72510.0112
199218,2014,Prof,University of North Carolina Wilmington,UNCW,172,16429674,95521.36046511628
199218,2014,Assoc,University of North Carolina Wilmington,UNCW,197,14552467,73870.39086294416
199218,2014,Assist,University of North Carolina Wilmington,UNCW,140,8683026,62021.614285714284
199218,2014,nontt,University of North Carolina Wilmington,UNCW,117,5391169,46078.36752136752
199218,2014,All,University of North Carolina Wilmington,UNCW,628,45116336,71841.29936305732
199218,2015,Prof,University of North Carolina Wilmington,UNCW,181,17518383,96786.64640883978
199218,2015,Assoc,University of North Carolina Wilmington,UNCW,194,14250438,73455.86597938144
199218,2015,Assist,University of North Carolina Wilmington,UNCW,129,8364740,64842.94573643411
199218,2015,nontt,University of North Carolina Wilmington,UNCW,124,6077977,49015.9435483871
199218,2015,All,University of North Carolina Wilmington,UNCW,630,46273538,73450.06031746032
199218,2016,Prof,University of North Carolina Wilmington,UNCW,184,18639724,101302.84782608696
199218,2016,Assoc,University of North Carolina Wilmington,UNCW,179,13634963,76172.97765363129
199218,2016,Assist,University of North Carolina Wilmington,UNCW,134,9229352,68875.76119402985
199218,2016,nontt,University of North Carolina Wilmington,UNCW,118,5959125,50501.0593220339
199218,2016,All,University of North Carolina Wilmington,UNCW,618,47577394,76986.07443365696
199218,2017,Prof,University of North Carolina Wilmington,UNCW,188,19560253,104043.89893617021
199218,2017,Assoc,University of North Carolina Wilmington,UNCW,179,13708769,76585.30167597765
199218,2017,Assist,University of North Carolina Wilmington,UNCW,146,10368274,71015.57534246576
199218,2017,nontt,University of North Carolina Wilmington,UNCW,134,6778427,50585.27611940299
199218,2017,All,University of North Carolina Wilmington,UNCW,647,50415723,77922.29211746523
199218,2018,Prof,University of North Carolina Wilmington,UNCW,179,18568459,103734.40782122905
199218,2018,Assoc,University of North Carolina Wilmington,UNCW,186,14342370,77109.51612903226
199218,2018,Assist,University of North Carolina Wilmington,UNCW,172,12233104,71122.69767441861
199218,2018,nontt,University of North Carolina Wilmington,UNCW,150,7920180,52801.2
199218,2018,All,University of North Carolina Wilmington,UNCW,688,53080947,77152.53924418605
199218,2019,Prof,University of North Carolina Wilmington,UNCW,181,18833680,104053.48066298342
199218,2019,Assoc,University of North Carolina Wilmington,UNCW,181,14479181,79995.47513812155
199218,2019,Assist,University of North Carolina Wilmington,UNCW,170,12337718,72574.81176470588
199218,2019,nontt,University of North Carolina Wilmington,UNCW,156,8239811,52819.30128205128
199218,2019,All,University of North Carolina Wilmington,UNCW,688,53890390,78329.05523255814
199218,2020,Prof,University of North Carolina Wilmington,UNCW,186,19200506,103228.52688172043
199218,2020,Assoc,University of North Carolina Wilmington,UNCW,188,14819456,78826.89361702128
199218,2020,Assist,University of North Carolina Wilmington,UNCW,194,14553907,75020.13917525773
199218,2020,nontt,University of North Carolina Wilmington,UNCW,157,8370332,53314.21656050955
199218,2020,All,University of North Carolina Wilmington,UNCW,725,56944201,78543.72551724139
199218,2021,Prof,University of North Carolina Wilmington,UNCW,191,19629756,102773.59162303664
199218,2021,Assoc,University of North Carolina Wilmington,UNCW,188,15097569,80306.21808510639
199218,2021,Assist,University of North Carolina Wilmington,UNCW,224,16862833,75280.50446428571
199218,2021,nontt,University of North Carolina Wilmington,UNCW,150,7669712,51131.41333333333
199218,2021,All,University of North Carolina Wilmington,UNCW,753,59259870,78698.36653386454
199218,2022,Prof,University of North Carolina Wilmington,UNCW,194,21855753,112658.52061855671
199218,2022,Assoc,University of North Carolina Wilmington,UNCW,194,16891107,87067.56185567011
199218,2022,Assist,University of North Carolina Wilmington,UNCW,217,17251609,79500.50230414746
199218,2022,nontt,University of North Carolina Wilmington,UNCW,149,8141524,54641.10067114094
199218,2022,All,University of North Carolina Wilmington,UNCW,754,64139993,85066.30371352786
199218,2023,Prof,University of North Carolina Wilmington,UNCW,204,23659344,115977.17647058824
199218,2023,Assoc,University of North Carolina Wilmington,UNCW,195,17387329,89165.78974358975
199218,2023,Assist,University of North Carolina Wilmington,UNCW,205,16948081,82673.56585365854
199218,2023,nontt,University of North Carolina Wilmington,UNCW,155,9149788,59030.89032258064
199218,2023,All,University of North Carolina Wilmington,UNCW,759,67144542,88464.48221343874
199218,2024,Prof,University of North Carolina Wilmington,UNCW,197,23362385,118590.78680203046
199218,2024,Assoc,University of North Carolina Wilmington,UNCW,216,20265335,93820.99537037036
199218,2024,Assist,University of North Carolina Wilmington,UNCW,197,17313248,87884.5076142132
199218,2024,nontt,University of North Carolina Wilmington,UNCW,168,10500764,62504.54761904762
199218,2024,All,University of North Carolina Wilmington,UNCW,778,71441732,91827.41902313624
199281,2012,Prof,University of North Carolina at Pembroke,UNCP,60,4886150,81435.83333333333
199281,2012,Assoc,University of North Carolina at Pembroke,UNCP,72,4549639,63189.430555555555
199281,2012,Assist,University of North Carolina at Pembroke,UNCP,100,5939311,59393.11
199281,2012,nontt,University of North Carolina at Pembroke,UNCP,84,3973468,47303.19047619047
199281,2012,All,University of North Carolina at Pembroke,UNCP,324,19867017,61317.9537037037
199281,2013,Prof,University of North Carolina at Pembroke,UNCP,54,4303581,79695.94444444444
199281,2013,Assoc,University of North Carolina at Pembroke,UNCP,67,4197819,62654.014925373136
199281,2013,Assist,University of North Carolina at Pembroke,UNCP,91,5571281,61222.868131868134
199281,2013,nontt,University of North Carolina at Pembroke,UNCP,90,4334466,48160.73333333333
199281,2013,All,University of North Carolina at Pembroke,UNCP,306,18682528,61054.013071895424
199281,2014,Prof,University of North Carolina at Pembroke,UNCP,59,4616895,78252.45762711864
199281,2014,Assoc,University of North Carolina at Pembroke,UNCP,72,4473148,62127.055555555555
199281,2014,Assist,University of North Carolina at Pembroke,UNCP,86,5255872,61114.79069767442
199281,2014,nontt,University of North Carolina at Pembroke,UNCP,83,3975898,47902.385542168675
199281,2014,All,University of North Carolina at Pembroke,UNCP,307,18745028,61058.72312703583
199281,2015,Prof,University of North Carolina at Pembroke,UNCP,60,4895067,81584.45
199281,2015,Assoc,University of North Carolina at Pembroke,UNCP,80,5124793,64059.9125
199281,2015,Assist,University of North Carolina at Pembroke,UNCP,75,4641652,61888.693333333336
199281,2015,nontt,University of North Carolina at Pembroke,UNCP,57,2857385,50129.56140350877
199281,2015,All,University of North Carolina at Pembroke,UNCP,281,18072911,64316.40925266904
199281,2016,Prof,University of North Carolina at Pembroke,UNCP,54,4582149,84854.61111111111
199281,2016,Assoc,University of North Carolina at Pembroke,UNCP,89,6006451,67488.21348314607
199281,2016,Assist,University of North Carolina at Pembroke,UNCP,67,4261840,63609.55223880597
199281,2016,nontt,University of North Carolina at Pembroke,UNCP,64,3277015,51203.359375
199281,2016,All,University of North Carolina at Pembroke,UNCP,284,18860669,66410.80633802817
199281,2017,Prof,University of North Carolina at Pembroke,UNCP,55,4861647,88393.58181818182
199281,2017,Assoc,University of North Carolina at Pembroke,UNCP,75,5019658,66928.77333333333
199281,2017,Assist,University of North Carolina at Pembroke,UNCP,79,4974820,62972.40506329114
199281,2017,nontt,University of North Carolina at Pembroke,UNCP,64,3349478,52335.59375
199281,2017,All,University of North Carolina at Pembroke,UNCP,287,19184275,66844.1637630662
199281,2018,Prof,University of North Carolina at Pembroke,UNCP,60,5344342,89072.36666666667
199281,2018,Assoc,University of North Carolina at Pembroke,UNCP,80,5523382,69042.275
199281,2018,Assist,University of North Carolina at Pembroke,UNCP,82,5081890,61974.26829268293
199281,2018,nontt,University of North Carolina at Pembroke,UNCP,66,3461984,52454.30303030303
199281,2018,All,University of North Carolina at Pembroke,UNCP,303,20413528,67371.37953795379
199281,2019,Prof,University of North Carolina at Pembroke,UNCP,71,6184714,87108.64788732394
199281,2019,Assoc,University of North Carolina at Pembroke,UNCP,71,5098551,71810.57746478873
199281,2019,Assist,University of North Carolina at Pembroke,UNCP,95,5980073,62948.13684210526
199281,2019,nontt,University of North Carolina at Pembroke,UNCP,75,4007075,53427.666666666664
199281,2019,All,University of North Carolina at Pembroke,UNCP,313,21289613,68017.93290734824
199281,2020,Prof,University of North Carolina at Pembroke,UNCP,73,6316329,86525.05479452055
199281,2020,Assoc,University of North Carolina at Pembroke,UNCP,69,5045292,73120.17391304347
199281,2020,Assist,University of North Carolina at Pembroke,UNCP,98,6265165,63930.255102040814
199281,2020,nontt,University of North Carolina at Pembroke,UNCP,75,3892625,51901.666666666664
199281,2020,All,University of North Carolina at Pembroke,UNCP,315,21519411,68315.59047619048
199281,2021,Prof,University of North Carolina at Pembroke,UNCP,74,6300128,85136.86486486487
199281,2021,Assoc,University of North Carolina at Pembroke,UNCP,65,4768885,73367.46153846153
199281,2021,Assist,University of North Carolina at Pembroke,UNCP,103,6746486,65499.8640776699
199281,2021,nontt,University of North Carolina at Pembroke,UNCP,76,3973469,52282.48684210526
199281,2021,All,University of North Carolina at Pembroke,UNCP,318,21788968,68518.76729559748
199281,2022,Prof,University of North Carolina at Pembroke,UNCP,76,7059803,92892.1447368421
199281,2022,Assoc,University of North Carolina at Pembroke,UNCP,68,5342021,78559.13235294117
199281,2022,Assist,University of North Carolina at Pembroke,UNCP,100,7141303,71413.03
199281,2022,nontt,University of North Carolina at Pembroke,UNCP,68,3818943,56160.92647058824
199281,2022,All,University of North Carolina at Pembroke,UNCP,312,23362070,74878.42948717948
199281,2023,Prof,University of North Carolina at Pembroke,UNCP,70,6694657,95637.95714285714
199281,2023,Assoc,University of North Carolina at Pembroke,UNCP,71,5659752,79714.81690140846
199281,2023,Assist,University of North Carolina at Pembroke,UNCP,93,6973150,74980.10752688172
199281,2023,nontt,University of North Carolina at Pembroke,UNCP,64,3676787,57449.796875
199281,2023,All,University of North Carolina at Pembroke,UNCP,298,23004346,77195.79194630873
199281,2024,Prof,University of North Carolina at Pembroke,UNCP,70,6895504,98507.2
199281,2024,Assoc,University of North Carolina at Pembroke,UNCP,79,6481566,82045.13924050632
199281,2024,Assist,University of North Carolina at Pembroke,UNCP,93,7215320,77584.08602150538
199281,2024,nontt,University of North Carolina at Pembroke,UNCP,64,3768809,58887.640625
199281,2024,All,University of North Carolina at Pembroke,UNCP,306,24361199,79611.7614379085
199999,2012,Prof,Winston-Salem State University,WSSU,58,5708621,98424.5
199999,2012,Assoc,Winston-Salem State University,WSSU,103,8335997,80932.00970873787
199999,2012,Assist,Winston-Salem State University,WSSU,113,8086015,71557.65486725664
199999,2012,nontt,Winston-Salem State University,WSSU,68,4382869,64453.955882352944
199999,2012,All,Winston-Salem State University,WSSU,351,27073074,77131.26495726495
199999,2013,Prof,Winston-Salem State University,WSSU,50,4736186,94723.72
199999,2013,Assoc,Winston-Salem State University,WSSU,99,7700946,77787.33333333333
199999,2013,Assist,Winston-Salem State University,WSSU,94,6667049,70926.05319148937
199999,2013,nontt,Winston-Salem State University,WSSU,57,3683645,64625.350877192985
199999,2013,All,Winston-Salem State University,WSSU,321,24228729,75478.90654205608
199999,2014,Prof,Winston-Salem State University,WSSU,55,5314806,96632.83636363636
199999,2014,Assoc,Winston-Salem State University,WSSU,116,8850194,76294.77586206897
199999,2014,Assist,Winston-Salem State University,WSSU,73,4945107,67741.19178082192
199999,2014,nontt,Winston-Salem State University,WSSU,56,3692071,65929.83928571429
199999,2014,All,Winston-Salem State University,WSSU,303,22987568,75866.56105610561
199999,2015,Prof,Winston-Salem State University,WSSU,66,6627814,100421.42424242424
199999,2015,Assoc,Winston-Salem State University,WSSU,112,8612017,76893.00892857143
199999,2015,Assist,Winston-Salem State University,WSSU,79,5428234,68711.82278481012
199999,2015,nontt,Winston-Salem State University,WSSU,53,3534846,66695.2075471698
199999,2015,All,Winston-Salem State University,WSSU,313,24309813,77667.13418530351
199999,2016,Prof,Winston-Salem State University,WSSU,58,5723499,98681.0172413793
199999,2016,Assoc,Winston-Salem State University,WSSU,113,9004840,79688.84955752212
199999,2016,Assist,Winston-Salem State University,WSSU,75,5454988,72733.17333333334
199999,2016,nontt,Winston-Salem State University,WSSU,48,3244493,67593.60416666667
199999,2016,All,Winston-Salem State University,WSSU,302,23882570,79081.35761589404
199999,2017,Prof,Winston-Salem State University,WSSU,51,5035294,98731.25490196078
199999,2017,Assoc,Winston-Salem State University,WSSU,111,8809102,79361.27927927928
199999,2017,Assist,Winston-Salem State University,WSSU,70,5269508,75278.68571428572
199999,2017,nontt,Winston-Salem State University,WSSU,45,3073339,68296.42222222222
199999,2017,All,Winston-Salem State University,WSSU,299,23702068,79271.13043478261
199999,2018,Prof,Winston-Salem State University,WSSU,50,4899866,97997.32
199999,2018,Assoc,Winston-Salem State University,WSSU,103,8129041,78922.7281553398
199999,2018,Assist,Winston-Salem State University,WSSU,75,5515068,73534.24
199999,2018,nontt,Winston-Salem State University,WSSU,40,2676613,66915.325
199999,2018,All,Winston-Salem State University,WSSU,288,22433979,77895.76041666667
199999,2019,Prof,Winston-Salem State University,WSSU,47,4660342,99156.21276595745
199999,2019,Assoc,Winston-Salem State University,WSSU,105,8307997,79123.78095238096
199999,2019,Assist,Winston-Salem State University,WSSU,71,5259000,74070.42253521127
199999,2019,nontt,Winston-Salem State University,WSSU,39,2627773,67378.79487179487
199999,2019,All,Winston-Salem State University,WSSU,264,20963232,79406.18181818182
199999,2020,Prof,Winston-Salem State University,WSSU,47,4654373,99029.21276595745
199999,2020,Assoc,Winston-Salem State University,WSSU,104,8138773,78257.43269230769
199999,2020,Assist,Winston-Salem State University,WSSU,61,4579975,75081.55737704918
199999,2020,nontt,Winston-Salem State University,WSSU,37,2508600,67800.0
199999,2020,All,Winston-Salem State University,WSSU,250,19934241,79736.964
199999,2021,Prof,Winston-Salem State University,WSSU,50,4912600,98252.0
199999,2021,Assoc,Winston-Salem State University,WSSU,101,7870850,77929.20792079208
199999,2021,Assist,Winston-Salem State University,WSSU,51,3722096,72982.27450980392
199999,2021,nontt,Winston-Salem State University,WSSU,36,2311382,64205.055555555555
199999,2021,All,Winston-Salem State University,WSSU,238,18816928,79062.72268907563
199999,2022,Prof,Winston-Salem State University,WSSU,57,5755826,100979.40350877192
199999,2022,Assoc,Winston-Salem State University,WSSU,96,7845869,81727.80208333333
199999,2022,Assist,Winston-Salem State University,WSSU,57,4291377,75287.31578947368
199999,2022,nontt,Winston-Salem State University,WSSU,30,1990405,66346.83333333333
199999,2022,All,Winston-Salem State University,WSSU,241,19931477,82703.22406639004
199999,2023,Prof,Winston-Salem State University,WSSU,63,6652954,105602.44444444444
199999,2023,Assoc,Winston-Salem State University,WSSU,91,7810372,85828.26373626373
199999,2023,Assist,Winston-Salem State University,WSSU,56,4371894,78069.53571428571
199999,2023,nontt,Winston-Salem State University,WSSU,23,1614351,70189.17391304347
199999,2023,All,Winston-Salem State University,WSSU,234,20499491,87604.66239316239
199999,2024,Prof,Winston-Salem State University,WSSU,50,5319220,106384.4
199999,2024,Assoc,Winston-Salem State University,WSSU,82,7307983,89121.74390243902
199999,2024,Assist,Winston-Salem State University,WSSU,62,4944060,79742.90322580645
199999,2024,nontt,Winston-Salem State University,WSSU,24,1675532,69813.83333333333
199999,2024,All,Winston-Salem State University,WSSU,223,19576213,87785.70852017937
200004,2012,Prof,Western Carolina University,WCU,72,6815074,94653.80555555556
200004,2012,Assoc,Western Carolina University,WCU,155,11443936,73831.84516129032
200004,2012,Assist,Western Carolina University,WCU,103,6073919,58970.087378640776
200004,2012,nontt,Western Carolina University,WCU,14,581968,41569.142857142855
200004,2012,All,Western Carolina University,WCU,436,30328545,69560.88302752294
200004,2013,Prof,Western Carolina University,WCU,81,7692264,94966.22222222222
200004,2013,Assoc,Western Carolina University,WCU,150,10922470,72816.46666666666
200004,2013,Assist,Western Carolina University,WCU,158,9575501,60604.43670886076
200004,2013,nontt,Western Carolina University,WCU,19,813400,42810.52631578947
200004,2013,All,Western Carolina University,WCU,444,30959888,69729.47747747747
200004,2014,Prof,Western Carolina University,WCU,82,7914455,96517.74390243902
200004,2014,Assoc,Western Carolina University,WCU,147,10482640,71310.47619047618
200004,2014,Assist,Western Carolina University,WCU,162,9915455,61206.51234567901
200004,2014,nontt,Western Carolina University,WCU,25,1083346,43333.84
200004,2014,All,Western Carolina University,WCU,453,31411721,69341.54746136865
200004,2015,Prof,Western Carolina University,WCU,86,8315681,96693.96511627907
200004,2015,Assoc,Western Carolina University,WCU,145,10471040,72214.06896551725
200004,2015,Assist,Western Carolina University,WCU,168,10372388,61740.40476190476
200004,2015,nontt,Western Carolina University,WCU,24,1061930,44247.083333333336
200004,2015,All,Western Carolina University,WCU,456,32093938,70381.44298245614
200004,2016,Prof,Western Carolina University,WCU,91,9104154,100045.64835164836
200004,2016,Assoc,Western Carolina University,WCU,146,10817803,74094.54109589041
200004,2016,Assist,Western Carolina University,WCU,174,11085439,63709.41954022989
200004,2016,nontt,Western Carolina University,WCU,32,1460323,45635.09375
200004,2016,All,Western Carolina University,WCU,473,34240381,72389.81183932346
200004,2017,Prof,Western Carolina University,WCU,99,9797791,98967.58585858585
200004,2017,Assoc,Western Carolina University,WCU,145,10846567,74803.91034482759
200004,2017,Assist,Western Carolina University,WCU,180,11635546,64641.92222222222
200004,2017,nontt,Western Carolina University,WCU,36,1657173,46032.583333333336
200004,2017,All,Western Carolina University,WCU,488,35573606,72896.73360655738
200004,2018,Prof,Western Carolina University,WCU,102,10062691,98653.83333333333
200004,2018,Assoc,Western Carolina University,WCU,135,10089357,74735.97777777778
200004,2018,Assist,Western Carolina University,WCU,205,13509983,65902.35609756097
200004,2018,nontt,Western Carolina University,WCU,56,2654423,47400.41071428572
200004,2018,All,Western Carolina University,WCU,498,36316454,72924.6064257028
200004,2019,Prof,Western Carolina University,WCU,105,10562911,100599.15238095238
200004,2019,Assoc,Western Carolina University,WCU,126,9192277,72954.57936507936
200004,2019,Assist,Western Carolina University,WCU,216,14392364,66631.31481481482
200004,2019,nontt,Western Carolina University,WCU,64,3025278,47269.96875
200004,2019,All,Western Carolina University,WCU,511,37172830,72745.26418786692
200004,2020,Prof,Western Carolina University,WCU,109,11076976,101623.63302752294
200004,2020,Assoc,Western Carolina University,WCU,136,10184186,74883.7205882353
200004,2020,Assist,Western Carolina University,WCU,209,14335647,68591.61244019138
200004,2020,nontt,Western Carolina University,WCU,90,4105431,45615.9
200004,2020,All,Western Carolina University,WCU,544,39702240,72982.05882352941
200004,2021,Prof,Western Carolina University,WCU,115,11440820,99485.39130434782
200004,2021,Assoc,Western Carolina University,WCU,133,9960135,74888.23308270676
200004,2021,Assist,Western Carolina University,WCU,208,14434622,69397.22115384616
200004,2021,nontt,Western Carolina University,WCU,92,4276600,46484.782608695656
200004,2021,All,Western Carolina University,WCU,548,40112177,73197.40328467153
200004,2022,Prof,Western Carolina University,WCU,125,13559976,108479.808
200004,2022,Assoc,Western Carolina University,WCU,138,11085426,80329.17391304347
200004,2022,Assist,Western Carolina University,WCU,180,13367771,74265.39444444445
200004,2022,nontt,Western Carolina University,WCU,105,5528972,52656.87619047619
200004,2022,All,Western Carolina University,WCU,549,43603430,79423.36976320583
200004,2023,Prof,Western Carolina University,WCU,120,13200167,110001.39166666666
200004,2023,Assoc,Western Carolina University,WCU,144,12036125,83584.20138888889
200004,2023,Assist,Western Carolina University,WCU,175,13493528,77105.87428571428
200004,2023,nontt,Western Carolina University,WCU,110,6199164,56356.03636363636
200004,2023,All,Western Carolina University,WCU,549,44928984,81837.85792349727
200004,2024,Prof,Western Carolina University,WCU,129,14689110,113869.06976744186
200004,2024,Assoc,Western Carolina University,WCU,137,11820611,86281.83211678833
200004,2024,Assist,Western Carolina University,WCU,183,14573115,79634.5081967213
200004,2024,nontt,Western Carolina University,WCU,108,6305207,58381.5462962963
200004,2024,All,Western Carolina University,WCU,557,47388043,85077.27648114902
