UnitID,Institution Name,Instructional staff on 9  10  11 or 12 month contract-total (SAL2024_IS  All full-time instructional staff total),Salary outlays - total (SAL2024_IS  All full-time instructional staff total),Instructional staff on 9  10  11 or 12 month contract-total (SAL2024_IS  Professor),Salary outlays - total (SAL2024_IS  Professor),Instructional staff on 9  10  11 or 12 month contract-total (SAL2024_IS  Associate professor),Salary outlays - total (SAL2024_IS  Associate professor),Instructional staff on 9  10  11 or 12 month contract-total (SAL2024_IS  Assistant professor),Salary outlays - total (SAL2024_IS  Assistant professor),Instructional staff on 9  10  11 or 12 month contract-total (SAL2024_IS  Instructor),Salary outlays - total (SAL2024_IS  Instructor),Instructional staff on 9  10  11 or 12 month contract-total (SAL2024_IS  Lecturer),Salary outlays - total (SAL2024_IS  Lecturer),Instructional staff on 9  10  11 or 12 month contract-total (SAL2023_IS_RV  All full-time instructional staff total),Salary outlays - total (SAL2023_IS_RV  All full-time instructional staff total),Instructional staff on 9  10  11 or 12 month contract-total (SAL2023_IS_RV  Professor),Salary outlays - total (SAL2023_IS_RV  Professor),Instructional staff on 9  10  11 or 12 month contract-total (SAL2023_IS_RV  Associate professor),Salary outlays - total (SAL2023_IS_RV  Associate professor),Instructional staff on 9  10  11 or 12 month contract-total (SAL2023_IS_RV  Assistant professor),Salary outlays - total (SAL2023_IS_RV  Assistant professor),Instructional staff on 9  10  11 or 12 month contract-total (SAL2023_IS_RV  Instructor),Salary outlays - total (SAL2023_IS_RV  Instructor),Instructional staff on 9  10  11 or 12 month contract-total (SAL2023_IS_RV  Lecturer),Salary outlays - total (SAL2023_IS_RV  Lecturer),Instructional staff on 9  10  11 or 12 month contract-total (SAL2022_IS_RV  All full-time instructional staff total),Salary outlays - total (SAL2022_IS_RV  All full-time instructional staff total),Instructional staff on 9  10  11 or 12 month contract-total (SAL2022_IS_RV  Professor),Salary outlays - total (SAL2022_IS_RV  Professor),Instructional staff on 9  10  11 or 12 month contract-total (SAL2022_IS_RV  Associate professor),Salary outlays - total (SAL2022_IS_RV  Associate professor),Instructional staff on 9  10  11 or 12 month contract-total (SAL2022_IS_RV  Assistant professor),Salary outlays - total (SAL2022_IS_RV  Assistant professor),Instructional staff on 9  10  11 or 12 month contract-total (SAL2022_IS_RV  Instructor),Salary outlays - total (SAL2022_IS_RV  Instructor),Instructional staff on 9  10  11 or 12 month contract-total (SAL2022_IS_RV  Lecturer),Salary outlays - total (SAL2022_IS_RV  Lecturer),Instructional staff on 9  10  11 or 12 month contract-total (SAL2021_IS_RV  All full-time instructional staff total),Salary outlays - total (SAL2021_IS_RV  All full-time instructional staff total),Instructional staff on 9  10  11 or 12 month contract-total (SAL2021_IS_RV  Professor),Salary outlays - total (SAL2021_IS_RV  Professor),Instructional staff on 9  10  11 or 12 month contract-total (SAL2021_IS_RV  Associate professor),Salary outlays - total (SAL2021_IS_RV  Associate professor),Instructional staff on 9  10  11 or 12 month contract-total (SAL2021_IS_RV  Assistant professor),Salary outlays - total (SAL2021_IS_RV  Assistant professor),Instructional staff on 9  10  11 or 12 month contract-total (SAL2021_IS_RV  Instructor),Salary outlays - total (SAL2021_IS_RV  Instructor),Instructional staff on 9  10  11 or 12 month contract-total (SAL2021_IS_RV  Lecturer),Salary outlays - total (SAL2021_IS_RV  Lecturer),Instructional staff on 9  10  11 or 12 month contract-total (SAL2020_IS_RV  All full-time instructional staff total),Salary outlays - total (SAL2020_IS_RV  All full-time instructional staff total),Instructional staff on 9  10  11 or 12 month contract-total (SAL2020_IS_RV  Professor),Salary outlays - total (SAL2020_IS_RV  Professor),Instructional staff on 9  10  11 or 12 month contract-total (SAL2020_IS_RV  Associate professor),Salary outlays - total (SAL2020_IS_RV  Associate professor),Instructional staff on 9  10  11 or 12 month contract-total (SAL2020_IS_RV  Assistant professor),Salary outlays - total (SAL2020_IS_RV  Assistant professor),Instructional staff on 9  10  11 or 12 month contract-total (SAL2020_IS_RV  Instructor),Salary outlays - total (SAL2020_IS_RV  Instructor),Instructional staff on 9  10  11 or 12 month contract-total (SAL2020_IS_RV  Lecturer),Salary outlays - total (SAL2020_IS_RV  Lecturer),Instructional staff on 9  10  11 or 12 month contract-total (SAL2019_IS_RV  All full-time instructional staff total),Salary outlays - total (SAL2019_IS_RV  All full-time instructional staff total),Instructional staff on 9  10  11 or 12 month contract-total (SAL2019_IS_RV  Professor),Salary outlays - total (SAL2019_IS_RV  Professor),Instructional staff on 9  10  11 or 12 month contract-total (SAL2019_IS_RV  Associate professor),Salary outlays - total (SAL2019_IS_RV  Associate professor),Instructional staff on 9  10  11 or 12 month contract-total (SAL2019_IS_RV  Assistant professor),Salary outlays - total (SAL2019_IS_RV  Assistant professor),Instructional staff on 9  10  11 or 12 month contract-total (SAL2019_IS_RV  Instructor),Salary outlays - total (SAL2019_IS_RV  Instructor),Instructional staff on 9  10  11 or 12 month contract-total (SAL2019_IS_RV  Lecturer),Salary outlays - total (SAL2019_IS_RV  Lecturer),Instructional staff on 9  10  11 or 12 month contract-total (SAL2018_IS_RV  All full-time instructional staff total),Salary outlays - total (SAL2018_IS_RV  All full-time instructional staff total),Instructional staff on 9  10  11 or 12 month contract-total (SAL2018_IS_RV  Professor),Salary outlays - total (SAL2018_IS_RV  Professor),Instructional staff on 9  10  11 or 12 month contract-total (SAL2018_IS_RV  Associate professor),Salary outlays - total (SAL2018_IS_RV  Associate professor),Instructional staff on 9  10  11 or 12 month contract-total (SAL2018_IS_RV  Assistant professor),Salary outlays - total (SAL2018_IS_RV  Assistant professor),Instructional staff on 9  10  11 or 12 month contract-total (SAL2018_IS_RV  Instructor),Salary outlays - total (SAL2018_IS_RV  Instructor),Instructional staff on 9  10  11 or 12 month contract-total (SAL2018_IS_RV  Lecturer),Salary outlays - total (SAL2018_IS_RV  Lecturer),Instructional staff on 9  10  11 or 12 month contract-total (SAL2017_IS_RV  All full-time instructional staff total),Salary outlays - total (SAL2017_IS_RV  All full-time instructional staff total),Instructional staff on 9  10  11 or 12 month contract-total (SAL2017_IS_RV  Professor),Salary outlays - total (SAL2017_IS_RV  Professor),Instructional staff on 9  10  11 or 12 month contract-total (SAL2017_IS_RV  Associate professor),Salary outlays - total (SAL2017_IS_RV  Associate professor),Instructional staff on 9  10  11 or 12 month contract-total (SAL2017_IS_RV  Assistant professor),Salary outlays - total (SAL2017_IS_RV  Assistant professor),Instructional staff on 9  10  11 or 12 month contract-total (SAL2017_IS_RV  Instructor),Salary outlays - total (SAL2017_IS_RV  Instructor),Instructional staff on 9  10  11 or 12 month contract-total (SAL2017_IS_RV  Lecturer),Salary outlays - total (SAL2017_IS_RV  Lecturer),Instructional staff on 9  10  11 or 12 month contract-total (SAL2016_IS_RV  All full-time instructional staff total),Salary outlays - total (SAL2016_IS_RV  All full-time instructional staff total),Instructional staff on 9  10  11 or 12 month contract-total (SAL2016_IS_RV  Professor),Salary outlays - total (SAL2016_IS_RV  Professor),Instructional staff on 9  10  11 or 12 month contract-total (SAL2016_IS_RV  Associate professor),Salary outlays - total (SAL2016_IS_RV  Associate professor),Instructional staff on 9  10  11 or 12 month contract-total (SAL2016_IS_RV  Assistant professor),Salary outlays - total (SAL2016_IS_RV  Assistant professor),Instructional staff on 9  10  11 or 12 month contract-total (SAL2016_IS_RV  Instructor),Salary outlays - total (SAL2016_IS_RV  Instructor),Instructional staff on 9  10  11 or 12 month contract-total (SAL2016_IS_RV  Lecturer),Salary outlays - total (SAL2016_IS_RV  Lecturer),Instructional staff on 9  10  11 or 12 month contract-total (SAL2015_IS_RV  All full-time instructional staff total),Salary outlays - total (SAL2015_IS_RV  All full-time instructional staff total),Instructional staff on 9  10  11 or 12 month contract-total (SAL2015_IS_RV  Professor),Salary outlays - total (SAL2015_IS_RV  Professor),Instructional staff on 9  10  11 or 12 month contract-total (SAL2015_IS_RV  Associate professor),Salary outlays - total (SAL2015_IS_RV  Associate professor),Instructional staff on 9  10  11 or 12 month contract-total (SAL2015_IS_RV  Assistant professor),Salary outlays - total (SAL2015_IS_RV  Assistant professor),Instructional staff on 9  10  11 or 12 month contract-total (SAL2015_IS_RV  Instructor),Salary outlays - total (SAL2015_IS_RV  Instructor),Instructional staff on 9  10  11 or 12 month contract-total (SAL2015_IS_RV  Lecturer),Salary outlays - total (SAL2015_IS_RV  Lecturer),Instructional staff on 9  10  11 or 12 month contract-total (SAL2014_IS_RV  All full-time instructional staff total),Salary outlays - total (SAL2014_IS_RV  All full-time instructional staff total),Instructional staff on 9  10  11 or 12 month contract-total (SAL2014_IS_RV  Professor),Salary outlays - total (SAL2014_IS_RV  Professor),Instructional staff on 9  10  11 or 12 month contract-total (SAL2014_IS_RV  Associate professor),Salary outlays - total (SAL2014_IS_RV  Associate professor),Instructional staff on 9  10  11 or 12 month contract-total (SAL2014_IS_RV  Assistant professor),Salary outlays - total (SAL2014_IS_RV  Assistant professor),Instructional staff on 9  10  11 or 12 month contract-total (SAL2014_IS_RV  Instructor),Salary outlays - total (SAL2014_IS_RV  Instructor),Instructional staff on 9  10  11 or 12 month contract-total (SAL2014_IS_RV  Lecturer),Salary outlays - total (SAL2014_IS_RV  Lecturer),Instructional staff on 9  10  11 or 12 month contract-total (SAL2013_IS_RV  All full-time instructional staff total),Salary outlays - total (SAL2013_IS_RV  All full-time instructional staff total),Instructional staff on 9  10  11 or 12 month contract-total (SAL2013_IS_RV  Professor),Salary outlays - total (SAL2013_IS_RV  Professor),Instructional staff on 9  10  11 or 12 month contract-total (SAL2013_IS_RV  Associate professor),Salary outlays - total (SAL2013_IS_RV  Associate professor),Instructional staff on 9  10  11 or 12 month contract-total (SAL2013_IS_RV  Assistant professor),Salary outlays - total (SAL2013_IS_RV  Assistant professor),Instructional staff on 9  10  11 or 12 month contract-total (SAL2013_IS_RV  Instructor),Salary outlays - total (SAL2013_IS_RV  Instructor),Instructional staff on 9  10  11 or 12 month contract-total (SAL2013_IS_RV  Lecturer),Salary outlays - total (SAL2013_IS_RV  Lecturer),Instructional staff on 9  10  11 or 12 month contract-total (SAL2012_IS_RV  All full-time instructional staff total),Salary outlays - total (SAL2012_IS_RV  All full-time instructional staff total),Instructional staff on 9  10  11 or 12 month contract-total (SAL2012_IS_RV  Professor),Salary outlays - total (SAL2012_IS_RV  Professor),Instructional staff on 9  10  11 or 12 month contract-total (SAL2012_IS_RV  Associate professor),Salary outlays - total (SAL2012_IS_RV  Associate professor),Instructional staff on 9  10  11 or 12 month contract-total (SAL2012_IS_RV  Assistant professor),Salary outlays - total (SAL2012_IS_RV  Assistant professor),Instructional staff on 9  10  11 or 12 month contract-total (SAL2012_IS_RV  Instructor),Salary outlays - total (SAL2012_IS_RV  Instructor),Instructional staff on 9  10  11 or 12 month contract-total (SAL2012_IS_RV  Lecturer),Salary outlays - total (SAL2012_IS_RV  Lecturer),
197869,Appalachian State University,1125,95718280,324,35788890,219,20156432,244,19849404,13,1191971,304,17236695,1092,89147096,318,33276297,225,19490220,231,18448240,13,1090505,284,15384910,1043,83896559,339,34020666,212,17834733,225,17397445,11,947597,240,12635989,1033,75400833,321,29358018,212,15909278,245,17264782,15,1121470,222,10725562,1037,77921530,331,31937042,227,17617895,225,15734462,13,982472,220,10518756,1014,76193914,330,31779155,215,16935885,229,15812901,12,755262,202,9623308,1010,75762525,318,30874846,226,17783163,200,13980193,7,488377,196,9255754,970,73296255,298,29214643,232,18324770,206,14238037,3,173102,176,8242876,951,71149902,293,28561529,240,18558294,195,13275266,1,60053,168,7747046,930,65648607,289,26565047,236,17090976,191,12291284,10,560054,149,6433686,920,63872066,282,25721013,220,15748100,196,12573620,4,216520,146,6207395,901,62484822,276,25111832,222,15939788,198,12486108,28,1249000,120,5003048,901,62327615,277,25158666,203,14581648,218,13573650,7,427369,128,5437011,
433174,Carolinas College of Health Sciences,50,4514164,,,,,,,,,,,29,2797080,,,,,,,,,,,31,2855843,,,,,,,,,,,29,2737687,,,,,,,,,,,27,2389750,,,,,,,,,,,28,2351557,,,,,,,,,,,28,2304368,,,,,,,,,,,27,2186965,,,,,,,,,,,25,1993541,,,,,,,,,,,26,1896585,,,,,,,,,,,26,1864423,,,,,,,,,,,27,2044565,,,,,,,,,,,27,2027230,,,,,,,,,,,
198464,East Carolina University,1178,110031148,269,31265431,406,39139729,319,27998747,174,11014202,,,1185,107121704,281,31757904,410,38315804,301,25290375,180,11014286,,,1160,101361088,259,28724766,406,36227453,311,25612739,171,10083400,,,1166,97417411,259,27399040,425,35512463,311,25157004,156,8596582,,,1218,101416835,264,28169428,415,34599169,335,27429484,167,9198783,,,1283,107622333,276,30546553,428,35814633,376,30134051,180,10005998,,,1260,105510678,249,27717989,385,32074643,218,16978767,2,149716,,,1223,103737364,258,28933700,378,31484622,211,16620237,2,149716,,,1224,102100994,245,27085755,399,32865164,207,16048995,3,213104,,,1240,96020470,227,23107817,429,33402281,216,15401098,4,240766,,,1178,88545199,217,22006270,422,33105541,243,16806936,4,270266,,,1248,95692405,221,22452540,438,34179786,259,18223014,9,614074,,,1213,90325351,213,21924250,406,31854919,271,18549915,8,518984,,,
198507,Elizabeth City State University,97,7586292,21,2006107,24,1945455,36,2655906,,,16,978824,88,6671014,20,1822337,24,1875148,29,2077680,,,15,895849,87,6479115,21,1851543,25,1871028,29,2061450,,,12,695094,84,5898627,17,1452803,26,1858057,28,1852659,,,13,735108,88,6178863,22,1882593,27,1927864,24,1549094,,,14,797312,89,6165571,25,1994367,27,1919298,23,1488594,,,13,741312,96,6623191,26,2107362,27,1960903,21,1366087,,,13,764516,96,6737444,30,2360836,32,2217565,21,1415114,,,12,690476,101,7004797,34,2591404,35,2322496,17,1173990,1,52000,12,740825,101,6883673,37,2747411,28,1876443,23,1439137,2,97000,9,548772,125,8584740,42,3150833,29,1915174,38,2531050,1,50000,13,763433,139,9529567,37,3002463,35,2316685,37,2345099,3,155620,19,1115835,153,10653097,50,4008740,38,2510574,33,2143146,1,50000,19,1063508,
198543,Fayetteville State University,252,22366604,79,7905690,71,6355125,36,3363151,3,214143,40,2898572,254,21447089,78,7502518,72,6054481,39,3504003,4,266441,38,2598448,257,20972494,83,7847202,72,5850582,34,2904349,3,179270,40,2623658,250,20007362,83,7670411,68,5567824,35,2842527,2,120909,40,2452159,266,21416294,84,7775901,75,6408636,41,3151078,3,225909,45,2795134,269,22018500,81,7865087,77,6242507,60,4593664,3,240209,44,2723362,267,21609663,70,6545553,78,6540052,59,4615836,3,270209,39,2407376,266,21536357,69,6598034,79,6437541,65,5078078,3,242909,39,2406461,256,20464090,60,5694514,85,6790100,75,5701179,5,373245,28,1739281,255,19271956,65,5839074,92,6945908,66,4622210,3,162114,28,1654650,242,18601786,64,5819654,100,7475279,63,4424302,1,58000,13,752051,270,20386212,56,5478879,113,8346435,63,4351664,5,336684,25,1388514,277,20350064,56,5289174,100,7533450,87,5607882,4,238014,24,1348778,
199102,North Carolina A & T State University,513,52271063,131,16968899,170,17301934,139,12686078,2,177318,53,3847010,475,44199299,128,14462128,156,14328275,121,10634562,2,160844,47,3181320,478,41847998,131,14397513,154,13763033,117,9744870,1,82158,29,1866006,462,39091215,109,11685251,164,13820326,129,10069456,2,152836,25,1549019,473,40873581,112,12550616,172,14939783,120,9350391,5,368979,24,1470238,460,39813004,101,11251775,178,15545895,116,8938455,5,368979,20,1238991,449,39011624,104,11594475,180,15877228,91,6935888,2,131469,17,1025688,445,37583191,106,11412651,179,15414255,87,6359043,3,188999,9,526092,455,37442045,100,10604675,188,15909493,82,5974985,1,73945,1,51651,411,34193399,104,10888580,163,13474649,79,5839459,1,72852,23,1260671,439,35965285,103,10550189,174,14475377,85,6247036,2,126234,26,1418779,462,35267995,95,9079453,185,14094274,108,7733359,14,764958,23,1206567,470,34714355,86,8106181,179,13549952,106,7349561,3,161370,28,1437632,
199157,North Carolina Central University,364,32773626,70,8674014,103,9825607,113,9470863,25,1558616,47,2847986,334,29463232,74,8697568,103,9509363,88,7247801,21,1222722,43,2480539,362,30465929,84,9366141,103,9130983,94,7450452,21,1156050,54,3025276,368,29347398,85,8950552,103,8669546,92,6847090,15,801158,51,2825079,367,29151191,79,8269951,113,9738488,88,6422920,17,911693,52,2852946,366,29239421,84,8914128,113,9581612,83,5940216,16,843576,52,2858233,385,30449111,79,8421213,117,9801974,79,5643548,7,373920,45,2407097,380,29645370,72,7540652,116,9803520,88,6092687,6,394762,26,1497913,386,29506070,67,7039949,112,9447957,97,6686492,7,454737,23,1265651,386,28439793,54,5671936,124,10084392,93,6424170,7,434972,21,1077531,381,28089615,53,5540955,112,9184202,107,7385890,7,426083,21,1161869,413,30781069,66,6922336,115,9478041,111,7808223,8,442225,34,1638567,386,28737665,56,5969853,96,7799109,110,7903820,11,656224,3,126528,
199193,North Carolina State University at Raleigh,1962,244725250,776,125396837,477,56697923,498,49666668,,,169,11067287,1911,231499158,753,118128462,467,53694659,476,46658909,,,172,11169128,1841,215081779,749,113127346,451,48923830,436,40794490,1,186300,170,10294288,1829,197357621,749,103851248,459,45608747,429,37222088,1,180000,166,9335853,1842,199820263,752,104748156,467,46064083,437,38568127,1,60000,175,9919137,1769,189995508,675,93637044,452,45678608,449,39766407,1,155000,180,10208924,1753,187909733,651,91250648,468,46895174,432,37949609,,,182,10286068,1732,182866322,662,91180140,484,47295914,390,33066160,1,75000,172,9584182,1748,182072909,658,90066404,489,47874724,393,32673100,1,85000,185,9996436,1702,171039021,656,85933967,485,45008371,357,29045103,,,181,9505295,1688,165690313,641,82223129,445,40985449,248,20918893,1,105000,179,9256098,1490,140331660,498,63068480,382,34378521,271,21440595,2,113263,164,8456028,1347,127050947,449,56436717,358,32402587,237,19359232,1,53130,169,8642726,
199111,University of North Carolina Asheville,200,16533817,54,5307423,52,4663806,44,3513476,,,50,3049112,217,17451509,64,6133536,53,4667256,44,3379944,,,56,3270773,218,16843822,63,5851227,61,5099594,34,2466411,,,60,3426590,211,15481344,66,5817541,55,4287707,31,2155113,1,62289,58,3158694,224,16740245,68,6055145,57,4499306,44,3158212,1,62289,54,2965293,220,17005565,69,6480023,54,4346717,50,3574486,1,62289,46,2542050,221,16974110,66,6252136,50,4036316,54,3780699,1,61689,47,2641670,224,17448123,70,6597198,53,4287068,58,4052545,1,61689,40,2248723,224,17054401,64,5922409,59,4712987,56,3823375,1,61389,41,2290948,216,15501025,61,5353586,56,4253010,50,3267753,,,45,2451676,216,15078314,59,5033069,64,4676368,45,2846010,,,43,2229867,219,14602827,58,4831772,67,4545884,39,2403726,1,56000,45,2295269,213,14585548,60,5130159,64,4457720,40,2555086,,,43,2147407,
199120,University of North Carolina at Chapel Hill,1763,259044064,720,135250720,482,61260488,506,55338373,8,816251,45,6213232,1726,244499286,695,127052749,499,60861566,471,49524670,11,1055438,43,5527895,1668,226262584,666,117273990,497,56708753,453,46182980,15,1269905,33,4557564,1627,201838749,627,103095077,446,49259149,315,32779935,15,1312993,217,14558028,1668,209270206,653,109127910,457,50972436,329,34448186,16,1264957,208,12878349,1630,203591733,623,104418695,453,50207760,335,35000415,16,1380581,198,12171290,1648,206566204,570,97073544,382,42349186,245,25757291,6,722476,185,11093956,1667,204295194,585,97372934,375,41363509,263,26064718,5,686454,190,11052795,1669,200650841,604,98401122,412,45856150,318,30283576,7,946893,195,11551804,1484,170481774,503,78834805,351,37992363,325,29567420,3,445000,168,9945789,1707,183153432,526,80200898,364,37897226,306,26828327,5,546000,186,10628914,1630,180373367,547,83105266,345,35065157,316,27573819,5,370400,170,9482547,1661,187469250,596,91814063,350,35473497,321,28012147,2,176400,157,8937450,
199139,University of North Carolina at Charlotte,1091,117876176,326,45297409,315,33388073,282,27079448,,,168,12111246,1083,112484558,318,42657173,319,32471741,267,24965309,,,179,12390335,1071,105625396,296,38442355,298,29678446,244,22071954,,,233,15432641,1065,96051902,293,34892016,289,26141203,252,20947006,,,231,14071677,1095,99234546,299,36515770,292,26372961,261,21616427,,,242,14716888,1095,98503192,277,34076962,308,27793262,268,22032681,,,242,14600287,1088,95980931,233,29557064,289,26223707,222,18405766,,,235,13346006,1080,95366426,231,29400477,297,26759247,220,18263316,,,228,13230221,1082,91690569,223,27404412,314,27578926,211,16906371,,,233,12786051,1009,81390966,209,24025898,324,26799565,179,13858836,,,231,12014605,1021,80107592,209,23962402,328,26732859,177,13056401,,,240,12291934,1016,78451633,198,22574263,323,26051793,195,14324823,,,236,12004250,952,74992581,192,22371490,310,25016531,182,13290652,,,224,11630062,
199148,University of North Carolina at Greensboro,787,71408214,204,24171875,188,17940047,214,18570835,9,828781,167,9563784,794,70201360,214,24911853,194,17758874,216,18102627,6,422817,155,8471675,829,70456327,212,24097961,194,17430630,231,18900168,9,602668,174,8974457,874,70921244,212,23879242,207,17236656,259,19905561,9,568226,181,8970679,887,71733524,210,23595170,221,18421331,250,19449964,8,477000,169,8315686,879,70596183,197,22485261,239,19914657,235,17995421,9,536990,178,8625114,856,69810856,198,23216681,226,19066786,164,12861148,2,116990,194,9575249,816,64718666,188,21363676,248,20607986,117,8944563,3,185064,188,9047529,790,61587403,187,20705221,251,20238616,111,8398732,2,112839,172,8016269,739,55711334,180,19244799,248,18945610,113,7885307,3,173871,147,6606275,754,56432432,180,19126442,259,19702046,125,8649789,6,311095,136,5961654,794,58373767,169,18427568,257,19588088,116,8096497,2,189000,164,7174269,783,57913287,161,18059000,249,19345259,119,7905651,66,3878543,160,7064508,
199281,University of North Carolina at Pembroke,306,24361199,70,6895504,79,6481566,93,7215320,5,280619,59,3488190,298,23004346,70,6694657,71,5659752,93,6973150,2,113182,62,3563605,312,23362070,76,7059803,68,5342021,100,7141303,1,56906,67,3762037,318,21788968,74,6300128,65,4768885,103,6746486,1,52867,75,3920602,315,21519411,73,6316329,69,5045292,98,6265165,1,52867,74,3839758,313,21289613,71,6184714,71,5098551,95,5980073,4,274238,71,3732837,303,20413528,60,5344342,80,5523382,82,5081890,5,267972,61,3194012,287,19184275,55,4861647,75,5019658,79,4974820,5,273295,59,3076183,284,18860669,54,4582149,89,6006451,67,4261840,3,158874,61,3118141,281,18072911,60,4895067,80,5124793,75,4641652,2,98290,55,2759095,307,18745028,59,4616895,72,4473148,86,5255872,2,96140,81,3879758,306,18682528,54,4303581,67,4197819,91,5571281,5,274764,85,4059702,324,19867017,60,4886150,72,4549639,100,5939311,3,148764,81,3824704,
199184,University of North Carolina School of the Arts,135,10955795,40,3723745,34,2824004,51,3791131,,,,,131,10208116,34,3013719,41,3312808,42,3095044,,,,,133,9959625,33,2821398,45,3457435,37,2686698,,,,,152,10471423,35,2805292,52,3692531,32,2210803,,,,,150,10417349,35,2754991,52,3732625,35,2392588,,,,,154,10787465,30,2412742,59,4305345,41,2777292,24,1292086,,,144,10158703,31,2511277,54,3922094,39,2612284,20,1113048,,,143,9841395,26,2056506,56,4028482,36,2374422,25,1381985,,,142,9498641,23,1745664,53,3832295,39,2516089,27,1404593,,,135,8680083,19,1369603,56,3759250,37,2272522,23,1278708,,,137,8522638,1,133112,71,4725226,40,2465049,19,1032142,,,129,8163401,,,,,,,129,8163401,,,127,8131820,,,,,,,127,8131820,,,
199218,University of North Carolina Wilmington,778,71441732,197,23362385,216,20265335,197,17313248,4,341800,164,10158964,759,67144542,204,23659344,195,17387329,205,16948081,3,230410,152,8919378,754,64139993,194,21855753,194,16891107,217,17251609,3,224774,146,7916750,753,59259870,191,19629756,188,15097569,224,16862833,3,215000,147,7454712,725,56944201,186,19200506,188,14819456,194,14553907,,,157,8370332,688,53890390,181,18833680,181,14479181,170,12337718,,,156,8239811,688,53080947,179,18568459,186,14342370,172,12233104,,,150,7920180,647,50415723,188,19560253,179,13708769,146,10368274,,,134,6778427,618,47577394,184,18639724,179,13634963,134,9229352,,,118,5959125,630,46273538,181,17518383,194,14250438,129,8364740,,,124,6077977,628,45116336,172,16429674,197,14552467,140,8683026,,,117,5391169,625,45318757,164,16150020,209,15232002,132,8413429,,,118,5463306,615,45099705,172,17014982,202,14863732,125,7830554,,,116,5390437,
200004,Western Carolina University,557,47388043,129,14689110,137,11820611,183,14573115,108,6305207,,,549,44928984,120,13200167,144,12036125,175,13493528,110,6199164,,,549,43603430,125,13559976,138,11085426,180,13367771,105,5528972,,,548,40112177,115,11440820,133,9960135,208,14434622,92,4276600,,,544,39702240,109,11076976,136,10184186,209,14335647,86,3936291,4,169140,511,37172830,105,10562911,126,9192277,216,14392364,58,2753388,6,271890,498,36316454,102,10062691,135,10089357,205,13509983,49,2312123,7,342300,488,35573606,99,9797791,145,10846567,180,11635546,30,1385053,6,272120,473,34240381,91,9104154,146,10817803,174,11085439,30,1361004,2,99319,456,32093938,86,8315681,145,10471040,168,10372388,22,966140,2,95790,453,31411721,82,7914455,147,10482640,162,9915455,23,993127,2,90219,444,30959888,81,7692264,150,10922470,158,9575501,16,696161,3,117239,436,30328545,72,6815074,155,11443936,103,6073919,11,465319,3,116649,
199999,Winston-Salem State University,223,19576213,50,5319220,82,7307983,62,4944060,15,987716,9,687816,234,20499491,63,6652954,91,7810372,56,4371894,16,1068709,7,545642,241,19931477,57,5755826,96,7845869,57,4291377,22,1402999,8,587406,238,18816928,50,4912600,101,7870850,51,3722096,26,1642685,10,668697,250,19934241,47,4654373,104,8138773,61,4579975,27,1825655,10,682945,264,20963232,47,4660342,105,8307997,71,5259000,28,1870447,11,757326,288,22433979,50,4899866,103,8129041,75,5515068,28,1862907,12,813706,299,23702068,51,5035294,111,8809102,70,5269508,33,2259633,12,813706,302,23882570,58,5723499,113,9004840,75,5454988,35,2378111,13,866382,313,24309813,66,6627814,112,8612017,79,5428234,39,2618042,14,916804,303,22987568,55,5314806,116,8850194,73,4945107,45,2981397,11,710674,321,24228729,50,4736186,99,7700946,94,6667049,44,2861774,13,821871,351,27073074,58,5708621,103,8335997,113,8086015,53,3385498,15,997371,